teks,label
pandemik bayar gaji selesa kerja relaks fikir kerja henti kerja henti kerja pandemik benda henti kerja,Negatif
gaji cepat,Netral
pilih salah harga level tutup bawa gerbong rombong manjur pakai,Negatif
bangun pagi semangat pergi kerja tepu kerja rutin gain mati situ gaji timpal,Netral
alas jahat banget arah kerja visi jahat bungkus alas cari kerja hasil,Netral
lompat kerja mesti benda bagus sesuai gaji baca,Netral
kerja enak ajar tumbuh serve kerja pulang gaji pikir robot,Netral
ubah mentalitas malu telat kerja wajib acara kantor urus pribadi debat manusia salah,Negatif
cowok umur kerja bumn kerja gaji pegawai pilih pindah kerja swasta gaji pegawai kontrak coba cpns terima kasih alas,Positif
tukar perkara sedia gaji rendah pasal jawat kembang resume sedia tukar,Netral
alas pindah kerja gaji bijak marah anak buah pulang tani rumah,Negatif
pindah kerja jamin aman terima sesuai kerja lolos alam tinggal nyaman usaha enak,Netral
kerja suka duka beban kerja kolega gampang kabur kerikil permisif cari jahat salah ambil cuti salah,Negatif
alas benci pindah pusat lingkung kerja jahat,Negatif
kadang alas lucu pengin pindah kerja libur tanggal merah jaman kuliah kaya logis banget,Netral
kerja efek gaji tingkat suka usaha daya tawar orang langsung ganti bisnis gerak cepat alas kerja,Positif
alas orang pindah kerja gaji harga harga,Negatif
usaha kaca lahir sedia ruang laktasi busui fleksibel busui perah jelek karyawan kecuali lembur,Positif
kembang karir hasil sesuai harap pindah faktur utama tahan pindah perut hati otak,Positif
lihat jakarta gaji minat pindah kerja kecuali alas,Positif
kerja efek gaji tingkat suka usaha daya tawar orang langsung ganti bisnis gerak cepat alas kerja,Positif
karyawan bohong lamar arti nyaman tahan usaha usaha evaluasi sistem manajemen lihat elegan,Positif
alas kakak kerja biar kerja biar cepat nikah biar kayak bawa pindah bareng biar hidup lepas jahat,Negatif
dunia kerja orang henti kerja alas lelah pindah gaji henti kerja alas,Negatif
alas pindah kerja motivasi rumah paksa laku jodoh gaji suka hidup sesuai nyaman gaji bonus,Negatif
pindah kerja alas kerja pindah kerja gaji jakarta gaji,Negatif
pengin pindah kerja alas jarak jarak kerja lumayan pengin pindah rumah gaji rendah dilema,Negatif
tukar perkara sedia gaji rendah pasal jawat kembang resume sedia tukar,Netral
alas salah gaji kontribusi uang keluarga alas terima sang direktur peduli keluarga peduli usaha pergi,Positif
benci banget kantor marah akal bikin mental tahan jahat sesal banget alhamdulillah,Positif
nekad jahat teman kantor suportif kerja budak sistem kantor hancur hasil kesel uang kantor tolong,Negatif
pindah turun gaji alas pindah kerja rekan kerja lingkung jahat banget bikin betah gaji turun lingkung alhamdulillah enak,Negatif
curhat terima kerja bidang gaji gaji ambil terima jakarta alas pengin pindah gaji jenjang karir pengin alam,Negatif
gaji alas pengin pindah kerja,Negatif
alas mumpuni pindah kerja karier kontribusi kembang,Netral
teman manager pandemi tahan karyawan pikir karyawan rumah mending tutup gaji asih kerja,Positif
stres kerja situ fikir duit kalis jahat stres baca seronok kerja,Negatif
tiada gaji urus beban kerja wang sehat rupa faktor henti,Negatif
durasi kerja usaha pindah pindah alas tingkat gaji bidang,Negatif
alas urgen tawar jahat kerja orang loyal terima usaha kutu loncat,Negatif
alas klasik pindah kerja gaji miris kelar strata kompromi ilmu coba salah kali coba,Negatif
kerja bayar juta begadang tidur come,Netral
sayang mental lingkung jahat over lembur bayar urus kantor agustus kerja januari tabung,Netral
harap coba kembang beda cari suasana tantang kerja alam luas,Netral
loyalitas hasil kerja sesuai tawar gaji bangun sulit kembang,Positif
kadang suka kesel omong duit kerja nyokap kena anak doang anak laki hamil kerja alas pengin pindah kota biar jahat hidup,Negatif
cari gaji alas super valid pindah kerja,Negatif
ramai henti kerja gaji harga kawan kerja jahat beban kerja repek kebaji kerja abai,Negatif
kantor bikin gaji cepat strategi jangka buah utas perspektif usaha hadap,Positif
jahat pindah pindah kantor,Negatif
nyata orang lingkung kerja jahat bayang parah cerita mbak nyata,Negatif
kerja kantor lembur bayar pulang malam buah budaya haram hukum pulang pabrik pulang karyawan pulang ganti,Netral
lompat lompat relatif stabil cetak badai reda asik goreng gaji pindah kena,Negatif
teman rsud jawa kerja jawa alas gaji sesuai beban kerja sulit dokter dikit perata dokter problem,Negatif
barusan teman cerita usaha jepang jaman kali pindah kerja alas loyal kutu loncat problem,Negatif
alas pengin pindah kerja kasih orang suruh orang kerja selesai masuk gaji,Negatif
ramai henti kerja gaji harga kawan kerja jahat beban kerja,Negatif
dunia kerja kantor salah kerja pecat hilang gaji kerja hilang nyawa pindah tugas gaji enak,Negatif
tukar perkara sedia gaji rendah pasal jawat kembang resume sedia tukar,Netral
alas pindah kerja gaji orang pindah kerja gaji kembang lingkung sesal arti,Negatif
undang sabtu kondisi alas pindah kerja kerja alas gaji,Netral
telusur bayar lingkung kerja jahat bagus paksa tahan keburu depresi anak orang,Negatif
tingkat iring harap syarikat sistem gaji sesuai gaji kerja,Positif
kena henti kerja dorang stres kerja peras ramai benda henti kerja,Negatif
alas kerja negara rana ambil ilmu alam salur malaysia kejar gaji kejar faedah gaya hidup,Negatif
tingkat iring harap syarikat sistem gaji sesuai gaji kerja,Positif
tips salah jenis pilih kasih salah bosan kerja salah gaji kena potong lepas,Negatif
acapkali kerja arah tulis surat kerja utara alami kerja ketidakpuasan hati hadap skop kerja jadual bayar gaji janji pindah turun pangkat,Negatif
pikir kembang sehat pilih pilih,Negatif
omong mama pindah kerja alas gaji emak auto ceramah takut enak kerja lupa jodoh,Negatif
september kemarin jahat kerja kantor kantor senang banget banget banget menang,Positif
alas pindah kerja kerja leluasa perintah agama gaji ubah,Negatif
usaha minimal kerja putus pindah bilang kutu loncat alas jenjang karir pindah kerja fasilitas tara kerja cari gaji pindah,Negatif
cerita orang pimpin cewek gaji digit kadang tembus uang pindah bank alas masuk bank pakai gaji habis pegang suami info suami kerja,Negatif
pikir kayak orang kerja pindah kerja wajar cari gaji bagus cari lingkung kerja bagus alas orang pindah kerja malu pikir cetek,Negatif
alas pindah kerja gaji,Negatif
lupa alas pindah kerja alas gaji hapal,Negatif
undang sabtu kondisi alas pindah kerja kerja alas gaji,Netral
tawar kerja sekolah posisi terima ajar sekolah kontrak kayak gaji pengin pindah alas kepsek logis,Negatif
alas pindah bilang sesuai nyata utama kerja kadang pagi malam pulang gila anak kerja,Negatif
salah kerja pilih cari duit nyaman cari ajar alam muda saran cari jahat,Negatif
salah alas utama orang pindah kerja kena gaji jenjang karir lingkung kerja omong lingkung kerja jelek bilang gaji jenjang karir usaha janji,Negatif
wacana buah bibir kerja sorot kerap pergok kerja contoh,Negatif
manfaat kondisi level karir pindah usaha valid,Negatif
tingkat iring harap syarikat sistem gaji sesuai gaji kerja,Positif
tingkat iring harap syarikat sistem gaji sesuai gaji kerja,Positif
kena tukar gaji kena lihat faktor peluang staf staf cuti kerja kena angkut isteri angkut senarai,Negatif
rumah cuti masuk staff jahat gaji komitmen takat,Negatif
bikin rekening bohong alas pindah kerja gaji dikit kemarin,Negatif
cewek kerja pulang sore galak kerja main sabtu masuk tanggal merah masuk jarak rumah kantor kerja takut tanggap,Negatif
lompat kenal kawan sorang lompat tukar tukar baju gaji,Netral
laksana patut kuat kuasa september tangguh cuti salin cuti kerja minggu lepas raja putus pinda akta kerja tangguh januari,Netral
putus pindah kerja gaji rendah ganti mental sehat tingkat stres kendali temu keluarga damping tumbuh kembang buah salah putus bijak hidup,Netral
staff bilang hati makan usaha coba cari kerja susah jaman kerja kayak dasar syukur entar kerja,Negatif
nyata lingkung kerja jahat alas beliau cocok usaha fokus studi kontrak wajar hitung,Positif
kerja jawat awam putus henti kerja nasihat henti alas sayang kerja jamin takut niaga,Negatif
pindah henti cikgu posting jalan kereta jalan laut sekolah cantik budaya kerja santai,Negatif
orang kerja cocok nyaman jahat beda visi mudah bilang cicil kudu lunas butuh anggota keluarga semangat juang rupiah,Negatif
drop alas jahat jahat drop etis versi terima kasih,Negatif
ramai cakap zone gain basic bosan contoh pasal gaji pasal suka kerja takut,Negatif
gatal gatal cakap benda buruk pasal majikan cakap buruk pasal kerja cakap pasal jahat jatuh cinta,Negatif
pindah kerja gaji turun ribu alas pindah betah kerja kerja,Negatif
cewek gaji pindah kerja gaji turun persen alas putus,Negatif
rekan kerja pindah kerja gaji digit digit jabat rendah kerja kontrak alas pindah start stabil,Negatif
terima kasih tawar salah alas pindah kerja minimal gaji tawar buka diskus moga timbang terima kasih,Negatif
allah alas pengin kerja salah pengin pindah banget tetangga jahat moga cepat kerja,Netral
pengin pindah kerja alas gaji cuman lepas lingkung pikir,Negatif
teman kantor utama cewek coba salah sender sender suka sebentar tinggal uang asuransi jamin cela,Negatif
wajib alas pindah kerja gaji spekulasi jamin nyaman mending pindah,Negatif
bangun kantor masuk bangun keburu sarap kantor salah alas pindah masuk kerja posisi eksklusif,Negatif
pengin pindah kerja alas kuat gaji jemput susah motor gampang kerja susah gaji susah,Negatif
karyawan kerja pola pikir maaf kerja rumah kapai daftar kerja rumah kemarin terima kerja gaji,Positif
halo sender kantor alhamdulillah langsung kerja gaji kantor kerja menang hasil,Positif
alas pindah kerja alas pindah jahat rangkap,Negatif
kerja coba minimarket bang warnet kafe toko baju toko daging motel libur cuman tidur alas uang,Negatif
guru gaji administrasi murid nakal wali murid rekan guru jahat,Positif
korban gaji juta paksa hidup gaji juta paksa cari laki suruh pindah kerja gaji,Negatif
paksa modern bebas undur tunggu anggap kerja tahan usaha wajib asih makan siang lembur minggu kasih kompensasi libur atur negeri manusiawi banding atur,Negatif
cewek gaji aneh usaha salah over kasih gaji biar pikir capek ajar,Negatif
cewek gaji putus kerja libur gaji juta jujur badan toleransi,Positif
sayang kerja jahat sedih,Negatif
alas pindah kerja henti kerja kembang bosan cari hobi bikin kembang bikin semangat,Negatif
kantor bagus banget enak kompak jahat gaji seret karir kembang situ alas teman enak cari kayak,Negatif
banget teman pilih dagang cilok alas bilang fleksibel mudah ibadah hasil gaji dagang,Positif
kemarin pusing pikir salah alas tolak tawar pindah kerja gaji,Negatif
mama menang kangen adik bungsu kerja qatar lulus bandung orang kasihan capek pulang tarik nafas kerja gaji,Negatif
alas bikin gaji jahat kerja sesuai minat bahas versi hasil riset,Positif
wajar tukar kerja pindah kerja gaji loyal gaji tengok contoh situasi,Negatif
sorang adik komen nama hakim nama bang malas pergi kerja esok kali tengok muka suka harga awak gaji,Negatif
salah ajar perkara gaji jahat peluang pangkat tukar kerja,Negatif
kadang timbang orang rela kerja gaji faktor jarak keluarga tinggal anak lingkung kerja,Negatif
omong gaji orang ambis tarik bahas gaji pindah kerja alas gaji kerja coba usaha,Negatif
utama kerja masuk gaji pakai orang indonesia indonesia gaji habis hidup,Negatif
pindah kantor kali kerja alas kawan kantor jahat terima pindah kantor kali mesti kaca jahat,Negatif
ganti beda kerja situ kerja kerja upah lembur gaji bpjs parkir bayar jarak tempuh ijin tunjang cair,Netral
ramai gaji harga kawan kerja jahat susah situ repek kebaji kerja abai jaga anak jaga sehat,Negatif
alas obat bilang mantan rekan teman bilang mbak sepatu mall beliau manager region jateng mall,Negatif
tolong resmi bank swasta lolos gaji moga putus karir riba,Netral
kerja slogan sekolah kampung uang saku sekolah ajar riset tinggal sintas perempuan minggu lihat tangis sintas tahan dinamika henti salah,Negatif
pindah rumah kantor rekan kerja ajar jalan doang tahan minggu habis alas niat susah,Negatif
pulang malam subuh emak kasih pindah kerja alas cuman rumah rumah potensi malam,Negatif
rasai orang orang betah kerja lingkung kerja jahat kemarin berkas berkas alas pindah,Negatif
suruh pulang kerja selesai kantor tutup artikel alas pindah kerja,Negatif
terima kerja langsung suruh banget tunggu proses banget allah nama kerja alas pindah gaji habis catat nomor,Positif
salah ajar perkara gaji jahat peluang pangkat tukar kerja,Negatif
alas pindah kerja hutan belantara produk nama nipis madu gaji kota,Negatif
alas tindak laku cari alam cari peluang sesuai tuju karir ahli kembang,Netral
gaji lipat sesuai usaha jenjang karir jakarta transportasi ongkos jahat rekan kerja kayak doang,Negatif
alas pindah kerja pindah kerja cari gaji nafkah,Negatif
alas alas percaya alas pindah kerja melulu gaji alas,Negatif
kerja jakarta gaji tawar mutasi ponorogo gaji jakarta ponorogo murah ambil,Negatif
alas teman jahat jahat kerja bikin gila cari kerja alas pindah kerja,Negatif
kayak rame generalisasi baca sisi positif kutu loncat pindah posisi gaji,Negatif
rekan kerja usaha alas posisi pindah situ,Negatif
stres cemas akibat tekan hidup pribadi lelah fisik mental paksa inspirasi lingkung rutinitas monoton perfeksionis alias fokus,Negatif
kerja undang jujur kerja tolong kasih referensi alas pindah kerja over,Negatif
pindah kerja alas kantor jahat kantor gaji pindah sesal terima kasih,Negatif
paksa masuk kerja pagi pulang malam buta hukum telat balas pesan menit paksa lepas alat kena sakit paksa kerja tidur kaki tangan hilang,Negatif
rela alas usaha banget rumah gaji ongkos transpor rupiah sesal enak,Positif
putus lingkung kerja nyaman jenjang karir gaji jenuh banget kayak karyawan nyokap tuju takut,Positif
dunia kerja dunia kerja atur urus tinggal ijin omong sakit lampir surat ijin kerja orang asih gaji,Negatif
kerja pindah alas pindah kerja cuman gaji,Negatif
entar ketemu teman gaji pikir pindah saran syukur pindah kerja alas gaji teman dewasa,Negatif
teman pindah pindah gede gaji kerja susah hidup kapai susah alas orang pindah kerja biar gaji rendah,Negatif
teman henti alas guru senior murid bandel banget kerja sekolah negeri buah kota beban kerja sesuai gaji,Positif
kali lingkung kerja jahat surat,Negatif
alas biar kerja kondisi kantor bikin jahat manusia ubah lingkung dukung kriminal timbang lihat jahat,Positif
lihat pilih gaji opsi kerja lingkung nyaman jarak pilih milik timbang kena,Negatif
arti tahan lingkung kerja jahat faktor gaji tekan keluarga kerja janji,Negatif
pindah kerja jamin aman terima sesuai kerja lolos alam tinggal nyaman usaha enak,Netral
pilih salah harga level tutup bawa gerbong rombong manjur pakai,Negatif
alas jahat banget arah kerja visi jahat bungkus alas cari kerja hasil,Netral
kembang karir hasil sesuai harap pindah faktur utama tahan pindah perut hati otak,Positif
bismillah coba rangkum sederhana paham merger akuisisi sektor bisnis kecuali industri malu agens kembang,Positif
ubah mentalitas malu telat kerja wajib acara kantor urus pribadi debat manusia salah,Negatif
cabut manager peka karir kembang kompensasi kerja belit kasi ajar apresiasi mentor kultur sehat ruang inovasi,Negatif
kerja efek gaji tingkat suka usaha daya tawar orang langsung ganti bisnis gerak cepat alas kerja,Positif
kerja efek gaji tingkat suka usaha daya tawar orang langsung ganti bisnis gerak cepat alas kerja,Positif
karyawan bohong lamar arti nyaman tahan usaha usaha evaluasi sistem manajemen lihat elegan,Positif
usaha kaca lahir sedia ruang laktasi busui fleksibel busui perah jelek karyawan kecuali lembur,Positif
alas salah gaji kontribusi uang keluarga alas terima sang direktur peduli keluarga peduli usaha pergi,Positif
bangun pagi semangat pergi kerja tepu kerja rutin gain mati situ gaji timpal,Netral
durasi kerja usaha pindah pindah alas tingkat gaji bidang,Negatif
jaman bisnis identik milik keluarga indak butuh struktur organisasi detail iring ubah jaman buah usaha milik milik saham,Negatif
teman manager pandemi tahan karyawan pikir karyawan rumah mending tutup gaji asih kerja,Positif
usaha kemarin lulus sekolah kerja henti alas gaji kerja tempo ketemu pindah kerja,Negatif
alas urgen tawar jahat kerja orang loyal terima usaha kutu loncat,Negatif
baca kontrak kerja usaha asih denda selesai kontrak kerja pindah kompetitor jujur alas cari kerja,Negatif
akak teman orang pindah usaha nutrisi usaha alas kali lipat mantap,Negatif
kerja enak banget banget bosan astaga indah bego banget pindah kerja salah usaha alas gaji digit nyata bayar tanggung sanggup,Netral
bilang gaji lumrah alas pindah usaha,Negatif
alas kerja lingkung jahat lingkung bagus jahat bagus keteter rumah mahal over stres,Negatif
harap coba kembang beda cari suasana tantang kerja alam luas,Netral
gaji cepat pindah usaha usaha syarat layak alas pindah alas negatif,Negatif
kantor bikin gaji cepat strategi jangka buah utas perspektif usaha hadap,Positif
jabodetabek wajar alias kutu loncat pindah kerja gaji pindah kerja daerah lapang kerja batas rendah coba,Negatif
lompat masuk masuk bonus kali tahan until,Negatif
sesal suruh pindah surabaya hidup jamin papa kerja usaha rumah kendara bego banget pakai alas pisah teman suka yuda,Negatif
lompat lompat relatif stabil cetak badai reda asik goreng gaji pindah kena,Negatif
salah alas suami pindah kerja gaji usaha sakit bpjs doang profit fasilitas alhamdulillah,Negatif
barusan teman cerita usaha jepang jaman kali pindah kerja alas loyal kutu loncat problem,Negatif
beban operasional usaha karyawan sesuai gaji biar beban operasional berat karyawan gaji ganti karyawan gaji,Positif
alas gaji wajar takut anggap loyal usaha anggap usaha gaji pindah,Negatif
usaha teman jamin capek nyaman alas pindah pindah orang,Negatif
sejarah catat pindah presiden sulit ekonomi negara utang potensi gusur warga lokal luas rusa kalimantan cenderung untung oligarki,Negatif
telusur bayar lingkung kerja jahat bagus paksa tahan keburu depresi anak orang,Negatif
undur massal usaha pandemi kondisi usaha stres kerja pelik karyawan putus salah usaha karyawan pandemi,Negatif
tips salah jenis pilih kasih salah bosan kerja salah gaji kena potong lepas,Negatif
usaha ganti kerja mesin laku alas manusia tangan kerja usaha kembang semangat panjenengan,Positif
alas utama semester stop kerja guru honorer pindah usaha hidup kayak orang kayak gaji kadar makan enak uang orang,Negatif
usaha erti bingung pakai alas keluarga pindah kota kayak alas niat susah langsung gaji cair,Negatif
gantung pindah kantor usaha beda usaha usaha alas pindah mutasi beda beda ubah gaji ubah,Negatif
lulus kuliah kerja pindah usaha cantum kerja pindah alas gaji daerah lingkung jahat,Negatif
pengin pindah industri kembang coba perhati jual,Positif
usaha jenjang karir gaji pindah alas cari gaji,Negatif
alas pindah kerja gaji lingkung jahat syukur gaji segi kualifikasi kompetensi usaha sesuai kesel bilang kayak kesal,Negatif
salah alas utama orang pindah kerja kena gaji jenjang karir lingkung kerja omong lingkung kerja jelek bilang gaji jenjang karir usaha janji,Negatif
manfaat kondisi level karir pindah usaha valid,Negatif
pindah kerja cari uang banget usaha kasih gaji kasih tenang batin kerja alas pandemi kena imbas erti,Negatif
pindah usaha alas utama gaji perkara usaha alas urus,Negatif
uang edar salah alas inflasi mangkanya gaji salah inflasi mangkanya gaji pilih pindah usaha,Negatif
kena tukar gaji kena lihat faktor peluang staf staf cuti kerja kena angkut isteri angkut senarai,Negatif
kerja pindah alas usaha gaji karyawan alas,Positif
cakap pahit teruk kedekut gaji buruk contoh alas henti,Negatif
alas lamar kembang peduli kembang lihat tenang lihat loyal pengin ganti penuh,Positif
ramai henti kerja gaji harga kawan kerja jahat beban kerja repek kebaji kerja abai,Negatif
singkat dunia kerja khusus anak kerja atur pengin umur pendek anak kerja teman belah rekan kerja,Negatif
cerita pecat karyawan kerja kerja kerja tonton kerja bingung lucu marah,Negatif
nyata lingkung kerja jahat alas beliau cocok usaha fokus studi kontrak wajar hitung,Positif
alas pindah manual digital kudu harga negeri kurs murah digitalisasi pakai produk lokal jamin aman data usaha,Negatif
dunia kembang arah revolusi industri kerja hidup binatang libur kerja tunjang santai minum sampanye restoran mewah,Positif
gatal gatal cakap benda buruk pasal majikan cakap buruk pasal kerja cakap pasal jahat jatuh cinta,Negatif
kerja usaha lokal indonesia prinsip kerja wajar batas usaha gaji beda kerja maksimal usaha harga upaya,Netral
hidup realitas ekonomi buah usaha rugi gaji direksi potong tekan usaha rugi karyawan penuh kait rantai pasok,Negatif
indonesia gaji lingkung kerja jahat sadar,Negatif
susah kerja usaha israel pribadi kerja umkm gaji minimal turun drastis pasu turun usaha israel tingkat pecah rumah,Negatif
mentoring curhat kembang kerja pindah pindah bantu,Negatif
alas pindah sadar gaji lingkung kerja salah bocil matahari buta dunia kerja mending pikir pindah usaha cari nyaman,Negatif
kontra tuju fokus alas pindah usaha stabil gaji stabil,Negatif
zaman almarhum papa salah bank pindah alas birokrasi susah capai usaha minim kerja,Negatif
sender coba lamar lamar usaha mending alas gaji telat bayar kantor pindah susah akses kendara,Negatif
biar pindah usaha alas gaji,Negatif
saran mbak terima sangon ganti usaha alam pojok paksa klarifikasi jatuh nama bikin stres niat ambil,Negatif
kontrak usaha gaji nyaman pengin pindah alas,Positif
kantor bagus banget enak kompak jahat gaji seret karir kembang situ alas teman enak cari kayak,Negatif
salah pindah usaha bagus kantor salah asuransi kantor alas mulia gaji,Negatif
manfaat buruh usaha hemat kali gaji orang alas upah minimum rendah,Netral
salah ajar perkara gaji jahat peluang pangkat tukar kerja,Negatif
paksa bayar gaji paksa laku usaha ganti rugi sisa kontrak wajib pasal ubah,Negatif
kait kutu loncat manajemen loncat bikin gaji drastis baca kutu loncat rekomendasi kasih orang kandidat,Positif
awak tukar bidang salah bosan kerja salah dengar gaji,Negatif
salah ajar perkara gaji jahat peluang pangkat tukar kerja,Negatif
kadang nama paragon segani pindah usaha mudah alas kasih tawar gaji lipat,Negatif
kasir abdi usaha ujang alas pindah ujang gaji bangladesh,Negatif
usaha jelek bikin kembang doang proses kerja ajeg capek kerja jelek terima kerja hikmah doang cari bagus,Positif
karakteristik loker indonesia subjektif pandang ijazah kerja keras angkat tahan ijazah lingkung jahat tahan usaha suka orang cepat pindah alas laku urus jual laku,Negatif
pegang divisi tahan cuman alas pindah kembang ilmu karir terima jepang usaha,Positif
kandidat lamar alas pindah taraf hidup gaji lihat gaji juta usaha kerja harap gaji,Positif
penasaran kandidat usaha pindah alas utama gaji mentok kasih ruang mentok seru,Negatif
uang usaha bawa kabur mantan manajer uang sisi manajer uang bawa kabur gaji bayar uang usaha buruk uang usaha buruk suka ambil uang usaha urus pribadi,Negatif
stres cemas akibat tekan hidup pribadi lelah fisik mental paksa inspirasi lingkung rutinitas monoton perfeksionis alias fokus,Negatif
putus duga bikin uang buruk apartemen cicil beban usaha salah kelola bisnis bayar apartemen gaji suka tarik uang,Negatif
gara-gara alas gaji bonus pindah usaha gaji sesal,Negatif
kayak rame generalisasi baca sisi positif kutu loncat pindah posisi gaji,Negatif
rekan kerja usaha alas posisi pindah situ,Negatif
arti pindah alas kuat gaji bumn lihat gaji timbang masuk usaha bingung pakai terima kasih,Negatif
rela alas usaha banget rumah gaji ongkos transpor rupiah sesal enak,Positif
alas tindak laku cari alam cari peluang sesuai tuju karir ahli kembang,Netral
kali pindah sadar orang orang tolol jahat usaha alas tahan slip,Negatif
alas terang alternatif lingkung jahat cari lingkung kerja dukung kembang tumbuh kembang profesional,Positif
masuk kerja muncul paksa gugat kayak insentif gaji bayar janji kasih,Negatif
plan mental kali jahat titik,Negatif
kerja efek gaji tingkat suka usaha daya tawar orang langsung ganti bisnis gerak cepat alas kerja,Positif
mesti sorang stres jahat gaji sikit orang kerja,Negatif
kudap wajib lembur traktir,Negatif
alas jahat lingkung kerja jahat tinggal toleransi,Negatif
real alas teman bikin emosi malas jarang kerja gaji uang makan jalan,Negatif
alas kembang kerja kontrak pakai bilang,Positif
alas kerja gaji kerja berat pengin rambut,Netral
rekan kerja wanita alas program hamil anak banget jago desain,Positif
alas gaji nyaman lingkung kerja teman kerja kalimat indah kepsek,Negatif
cari kerja susah pandemi kerja beban banget depresi samping gaji keluarga bilang sakit biar alas libur kerja,Negatif
alas kerja cari kasih gaji kerja auto sesal tinggal kerja sesal,Negatif
anak jaman kerja bosan alas karir teman cuan gede,Negatif
minggu kerja pengin betah lingkung kerja bingung alas,Negatif
kerja alas capek alas utama nyaman orang kerja nyaman alas orang jahat jahat orang pacar,Negatif
main data karyawan paksa tunggu sakit usaha lalai gaji alias penuh wajib ngeri,Negatif
tahap lampau stres kerja mesti kadang tahan jenis kerja paruh jalan kadang kerja gaji bayar komitmen moga sabar rezeki milik allah,Positif
tetangga kantor alas kerja capek kerja jahat kepala rehat capek jalan,Negatif
alas jahat banget arah kerja visi jahat bungkus alas cari kerja hasil,Netral
mama kerja sakit salah banget kaya hambat tuju hidup mama alas beliau salah sakit akibat urus pusing stres pikir banget kaya beban orang rumah,Negatif
keren karyawan papa hamil cerita kerja rumah alas kuat kantor papa kasih bijak gaji cuti lahir gaji papa kasih habis cuti lahir,Positif
slip gaji gaji sisa kerja situ tulis hitung kerja bayar potong arti hitung,Negatif
utama kerja alas gaji rekan kerja laku kerja kayak tahi,Negatif
kudu rabi alas suami kerja lembur rabi solusi,Negatif
jujur alas jahat alas capek orang kerja modal lurah riwayat hidup,Negatif
teman gaji lumayan alas lingkung kerja kerja cari coba pengin,Negatif
alas kerja turun lapang kadang malam lepas gaji kerja pulang malam gaji standar keluh astagfirullah,Negatif
kerja teman angkat alas sedih bikin menang rekan kerja kerja teman angkat sedih,Negatif
tolong kasih alas cocok kosmetik mall kerja capek banget,Netral
sampah staff acah masuk kerja alas kerja gaji berkat kerja kena,Negatif
benci banget kantor marah akal bikin mental tahan jahat sesal banget alhamdulillah,Positif
usaha kaca lahir sedia ruang laktasi busui fleksibel busui perah jelek karyawan kecuali lembur,Positif
kerja kerja sehat mental miskin duit miskin mental,Negatif
alas malas pulkam ketemu tante kakak sepupu pokok anggota keluarga bagus kerja kemarin lihat susah kerja pandemi sabar sabar,Netral
kerja suka duka beban kerja kolega gampang kabur kerikil permisif cari jahat salah ambil cuti salah,Negatif
manager pecat nyata kerja busuk kirim lebay gaji tarik usaha,Negatif
kerja bidang minat suka kerja pergi kerja menang ambil putus henti tawar bonus,Negatif
jujur dengar orang alas bosan lingkung kerja gaji pengin lempar kerja,Negatif
kerja jahat rubah darah daging pilih,Negatif
kerja efek gaji tingkat suka usaha daya tawar orang langsung ganti bisnis gerak cepat alas kerja,Positif
alas kawan tawar loker mundur kerja gaji pokok pagi pulang malam lembur partner jahat parah wajar,Negatif
mbak alam mending mundur sehat mental gaji pangkat hancur mental kerja bikin hancur tuju kerja gaji mental,Negatif
tiada gaji urus beban kerja wang sehat rupa faktor henti,Negatif
utama kerja alas gaji rekan kerja laku kerja kayak tahi,Negatif
nekad jahat teman kantor suportif kerja budak sistem kantor hancur hasil kesel uang kantor tolong,Negatif
kerja alas jarak gaji,Netral
alas palsu kerja alas asli gaji banding banget sistem kerja jahat,Netral
wawancara kerja usaha alas finansial gaji etis,Negatif
lembur mesti rawat rumkit lelah kronis tipes teman bawa suka turun jabat sakit kerja pilih auto kelimpungan,Negatif
lolos rekan kerja alas jujur butuh saran terima kasih,Negatif
alas keren capek kerja gaji,Negatif
alas gaji sesuai cepat posisi kerja,Positif
rencana kerja gaji signifikan beban kerja lembur bayar alas jelek usaha,Negatif
sayang mental lingkung jahat over lembur bayar urus kantor agustus kerja januari tabung,Netral
gaji bonus kuat tinggal cari habis situ jerih payah usaha pandang belah mata,Negatif
alas salah gaji kontribusi uang keluarga alas terima sang direktur peduli keluarga peduli usaha pergi,Positif
lambat insentif gaji pegawai utama nakes paksa,Negatif
stres kerja lepas tengok nyawa sikit cakap hadap hadap paksa,Negatif
teman manager pandemi tahan karyawan pikir karyawan rumah mending tutup gaji asih kerja,Positif
suasana kantor enak jahat rekan kerja tahan butuh duit pahit,Negatif
usaha capek kerja gaji besok masuk kerja langsung gaji,Negatif
stres kerja situ fikir duit kalis jahat stres baca seronok kerja,Negatif
kerja nyaman banget cocok lingkung gaji putus korea niat libur cari kerja korona dasar menang,Positif
alas kerja lingkung jahat lingkung bagus jahat bagus keteter rumah mahal over stres,Negatif
jaman kerja pakai alas mental adaptasi lingkung inti lingkung kerja paham,Negatif
kerja bayar juta begadang tidur come,Netral
mbak rasai posisi capek capek capek lingkung kerja jahat banget kontrak kerja pinalti uang keluarga orang sayang,Negatif
bagus jahat mudah cakap,Negatif
orang lingkung jahat kayak langkah percaya enak alam pribadi,Negatif
ambil kena kantor alas kantor lingkung kerja jahat gaji kerja alokasi uang tahan kenal putus pilih,Negatif
minggu kerja sombong gara-gara sarjana lulus coba bangun komunikasi jelek teman kerja cepu bodo sehat jiwa kerja kayak robot,Negatif
auto kafir shalat jumat barista restoran jepang mall tempel hotel mewah shalat jumat makan siang tinggal meja lantar,Negatif
kadang orang luah stres kerja penat syukur kerja ramai kerja kadang luah pakai,Negatif
sebel orang selesai potensi ketemu orang sikap kerja hadap ajar kembang interpersonal,Negatif
kaget banget mantan senior salah gara orang jahat banget marah suka grup situ intern grafis kerja,Negatif
teman rsud jawa kerja jawa alas gaji sesuai beban kerja sulit dokter dikit perata dokter problem,Negatif
indra orang alas kena lingkung jahat rendah orang kerja heran banget lambe,Negatif
ramai henti kerja gaji harga kawan kerja jahat beban kerja repek kebaji kerja abai,Negatif
cakap surat tempoh moga bantu,Positif
alas kasih kerja kerja kagak lembur tugas manager,Negatif
nyata orang lingkung kerja jahat bayang parah cerita mbak nyata,Negatif
istirahat duduk komputer kuat tahan lapar pusing takut orang,Negatif
jahat pindah pindah kantor,Negatif
alas usaha rekan kerja,Negatif
prediksi tutup pecat total alas zona nyaman tolak kerja lembur revolusi,Negatif
habis gaji,Negatif
karyawan gaji gaji gaji bikin resah paket jahat ganti lingkung kerja asik,Positif
ramai henti kerja gaji harga kawan kerja jahat beban kerja repek kebaji kerja abai,Negatif
gaji gaji gaji nilai bayar,Negatif
jumpa jahat,Negatif
kerja kerja kerja masak kasir tamu gaji juta duduk sebentar istirahat manja,Negatif
alas gaji banding beban kerja,Negatif
solusi hadap lingkung kerja jahat solusi cari bagus cari lingkung kerja cocok gampang bekal,Negatif
pengin kerja alas kerja gaji duit gilir susah bayar,Negatif
kerja gaji partner kerja jahat masuk akal alas partner kerja enak,Negatif
gaji alas kerja orang pribadi kerja julid dendam bingung,Negatif
undang sabtu kondisi alas pindah kerja kerja alas gaji,Netral
alas cocok staf kerja kontrak bilang alas alas kerja peluang,Negatif
kerja lingkung gaji jenis alas biar terima,Positif
kerja alas susah target gaji minim jujur usaha lamar,Negatif
pengin kerja alas teman kantor jahat serba salah,Negatif
pergi gaji kerja karut ungkit jahat,Negatif
kayak alas rekan kerja suportif,Negatif
ramai henti kerja gaji harga kawan kerja jahat beban kerja,Negatif
paksa gaji bayar,Negatif
alas kerja masuk akal kadang tuntut loyalitas hitung lembur,Netral
gaji gaji pakai,Negatif
salah alas kantor lingkung kerja jahat sakit mental bahan guyon divisi kantor ning suruh pakai bolpoin mata diam,Negatif
september kemarin jahat kerja kantor kantor senang banget banget banget menang,Positif
tidur kerja total laku stop bilang pengin alas capek kerja,Negatif
alas mental buruk kena penalti surat terang dokter rehat penalti banget juta kerja banget balas,Positif
alas kerja tawar kerja gaji kultur kerja koneksi potensi kembang potensi laku alas orang betah kerja,Positif
tingkat iring harap syarikat sistem gaji sesuai gaji kerja,Positif
telusur bayar lingkung kerja jahat bagus paksa tahan keburu depresi anak orang,Negatif
alas kerja masuk akal kadang tuntut loyalitas hitung lembur,Netral
problem kena tolak gaji maki allah plan alhamdulillah,Negatif
salah kuasa otak soak karyawan negosiasi gaji mandiri jejak nilai nilai tawar jual,Positif
alas jujur kerja target gaji terima tawar kuat alas usaha mending kayak,Negatif
cewek gaji kerja jakarta gaji juta dapur listrik pindah gaji juta alas bosan,Positif
kena henti kerja dorang stres kerja peras ramai benda henti kerja,Negatif
cowok malas kerja posisi jabat berat pilih alas pusing kerja kayak malas gaji kerja,Negatif
gaji alas kerja orang pribadi kerja julid dendam bingung,Negatif
cewek saran alas kerja lingkung jahat beban kerja bikin kuat terima kerja,Negatif
kerja libur gaji tunggu juta cari kerja penjara kayak orang,Negatif
alam kerja maksud kutu loncat alas usaha kantor gulung tikar alas kantor cocok gaji,Positif
buka negoisasi gaji laku usaha bilang gaji usaha erti,Negatif
tingkat iring harap syarikat sistem gaji sesuai gaji kerja,Positif
gejolak hati pikir butuh duit tahan kerja stres mental utama dana darurat kerja beban keluarga cari kerja mudah,Negatif
acapkali kerja arah tulis surat kerja utara alami kerja ketidakpuasan hati hadap skop kerja jadual bayar gaji janji pindah turun pangkat,Negatif
inti nyaman lingkung kerja laku beda rekan kerja hasil kerja tekan,Positif
mental hadap subang jaya jalan kebun badan letih anak anak layan hara sepah depa hadap cari,Negatif
tingkat iring harap syarikat sistem gaji sesuai gaji kerja,Positif
minggu lancar kerja kantor enak banget gaji jarak kerja moga putus,Positif
tingkat iring harap syarikat sistem gaji sesuai gaji kerja,Positif
contoh surat bahasa bahasa melayu kawan kawan,Negatif
kerja jawat awam putus henti kerja nasihat henti alas sayang kerja jamin takut niaga,Negatif
jaman konten alas personal banget publik kecuali rawan,Negatif
nyata lingkung kerja jahat alas beliau cocok usaha fokus studi kontrak wajar hitung,Positif
putus pindah kerja gaji rendah ganti mental sehat tingkat stres kendali temu keluarga damping tumbuh kembang buah salah putus bijak hidup,Netral
staff bilang hati makan usaha coba cari kerja susah jaman kerja kayak dasar syukur entar kerja,Negatif
ramai cakap zone gain basic bosan contoh pasal gaji pasal suka kerja takut,Negatif
gaji orang kena orang wajib bayar gaji,Negatif
cakap pahit teruk kedekut gaji buruk contoh alas henti,Negatif
cewek surat kasar lembur bayar bonus juta mending ikhlas tagih,Negatif
alas lamar kembang peduli kembang lihat tenang lihat loyal pengin ganti penuh,Positif
orang luah stres kerja penat syukur kerja ramai kerja kadang kadang luah pakai,Negatif
capek banget kerja orang jahat salah alas pengin cepat,Netral
putus kerja cowok kenal kemarin hidup niat kembang alas nyata,Positif
orang kerja cocok nyaman jahat beda visi mudah bilang cicil kudu lunas butuh anggota keluarga semangat juang rupiah,Negatif
siang obrol teman kerja alas alas tahan mbak kantor ajar kantor kerja relasi batas rekan kerja,Negatif
karyawan habis susah kerja beritahu alas habis bentak cari kembang,Negatif
ramai henti kerja gaji harga kawan kerja jahat beban kerja repek kebaji kerja abai,Negatif
orang perihal teman kantor jahat tinggal nyata gampang ketemu sindir stres banget anjir stres,Negatif
tanda patut kerja stres lampau mental mahal gaji keliling orang jahat kaki jilat kerja gaji kedekut,Negatif
nyokap alas kerja percaya minum kerja tidur sakit kepala kerja bikin stres selesai cerita,Negatif
prambanan jujur plan alas lembur pengin kerja gaji potong bpjs,Negatif
aman bilang alas cocok lingkung kerja alas jujur gaji gaji,Positif
bilang kesan klise banget alas anggap adek anggap adek kerja doang,Positif
genap jahat habis modal modal modal duduk sesak,Negatif
hantar surat start orang dengar majikan koyak kerja jahat,Negatif
habis tolak alas nasib omset cabang pegang sender capek banget cabang penuh orang jahat gaji pokok sender omset,Negatif
semangat kerja anak lingkung kerja jahat alas,Negatif
coba lihat pesan kerja situ kerja uang cerita usaha kerja,Negatif
sebel gaji telat sebel lihat karyawan gaji telat pakai alas kerja enak telat ambil cuti kerja atur,Negatif
minggu tuan putri labu kerja bikin salah alas daerah blok,Negatif
alas kerja lingkung jahat bilang lingkung maksud bohong,Negatif
henti syarikat gaji salah sesuai sekira,Negatif
masuk kerja galau tinggal anak kerja lihat orang orang banget lihat kembang anak menang lihat moga paham kerja alas,Positif
karyawan kerja pola pikir maaf kerja rumah kapai daftar kerja rumah kemarin terima kerja gaji,Positif
pengin butuh uang alas capek kerja anak jaman,Negatif
konon pakai alas kerja lepas gaji pangkat manager suruh masuk alas,Negatif
istirahat rupa kerja rupa kerja istirahat kerja bebas pakai kapai langgar hukum atur internal usaha bayar sangon,Negatif
alas kerja salah tidur beranta gaji minus potong,Negatif
tipe masuk kerja alas lingkung kerja jahat,Negatif
kerja gaji alas enak,Netral
kawan budak kerja gaji alas kursus kerja pergi kursus kepala,Negatif
marah kecewa pasang kuat lamar terima tolak gaji terima kerja gaji,Positif
alas usaha sabtu kerja cari kerja senin jumat,Negatif
kerja gaji ambil tawar alas kontrak pinalti,Negatif
halo sender kantor alhamdulillah langsung kerja gaji kantor kerja menang hasil,Positif
karyawan habis gaji henti kerja kali karyawan alas klasik salah,Positif
halo kerja kontrak izin alas lingkung jahat ganti bagus,Negatif
cewek gaji nekat ganti fase capek banget kerja gaji juta kerja,Positif
paksa modern bebas undur tunggu anggap kerja tahan usaha wajib asih makan siang lembur minggu kasih kompensasi libur atur negeri manusiawi banding atur,Negatif
kantor bagus banget enak kompak jahat gaji seret karir kembang situ alas teman enak cari kayak,Negatif
kakak sender kerja banget gaji slip gaji potong jamsostek saldo kantor bilang arti bpjs gaji kakak sender sedih banget,Positif
lingkung enak gaji sedih banget paksa gaji butuh,Negatif
gaji telat telat,Negatif
guru gaji administrasi murid nakal wali murid rekan guru jahat,Positif
cewek gaji putus kerja libur gaji juta jujur badan toleransi,Positif
alas kerja klasik lingkung jahat jahat gaji cari alas bohong jujur tahan gaji,Negatif
sayang kerja jahat sedih,Negatif
kerja gara-gara rekan kerja jahat susah ajak kerjasama tingkat hati banget hubung jujur alas pakai alas,Negatif
gaji gara-gara susah cuti libur ganggu syarat gaji cuti ganggu,Negatif
wajar sedih alas utama lingkung kerja jahat atur istirahat makan menit langsung kerja salah mohon masuk,Negatif
kerja cari duit cari jenjang karir duit kayak sender alas kerja normal gaji pikir tenang,Negatif
tanda timbang kronis beranta lingkung rekan kerja jahat kembang usaha jalan,Negatif
alas bikin gaji jahat kerja sesuai minat bahas versi hasil riset,Positif
tuju habis lulus cari kerja gaji langsung minimal cari alam kerja kerja alas coba kerja betah,Negatif
kerja usaha atur suka suka manager atur karyawan karyawan izin sakit dokter gaji desember,Negatif
henti kerja komitmen dana cemas utama komitmen kerja alas fikir,Negatif
coba kerja alas pulang gaji tuntut rendah kayak,Negatif
pilih tahan kerja capek muak stres beban kerja gaji timbang semangat peluk,Negatif
orang gaji rendah orang teruk gaji gaji,Negatif
orang terima tawar kerja rana tawar bagus orang rana manusia bagus jahat jahat gaji,Negatif
ramai gaji harga jahat beban kerja repek kebaji abai,Negatif
ganti beda kerja situ kerja kerja upah lembur gaji bpjs parkir bayar jarak tempuh ijin tunjang cair,Netral
alas terang alternatif lingkung jahat cari lingkung kerja dukung kembang tumbuh kembang profesional,Positif
capek kerja alas jahat cari muka domba sadar kerja kayak,Negatif
mending mental aman cadang kerja cari gaji mental jiwa raga tekan,Negatif
april kemarin kerja alas sepeda keliling indonesia timur barusan banget telpon kepala toko gaji masuk pesan selesai jalan kerja,Netral
alas rencana kerja kerja gaji rencana cari minimal kerja suka,Negatif
kerja rumah admin data dada gaji suruh lantai angkat jemur jaga bayi utama bilang mental lemah,Negatif
rekan kerja kerja surabaya tawar kerja alas keluarga,Negatif
ramai gaji harga kawan kerja jahat susah situ repek kebaji kerja abai jaga anak jaga sehat,Negatif
gedik gedik buka staff bayar alas bayar gaji kerja minggu bayar staff suara hantar surat saman bodoh,Netral
orang kantor niat kerja masuk alas sakit mending imbas kasihan sakit kena potong sakit kadang rekan jabat kayak sampah bawa virus banget,Negatif
alas biar kerja kondisi kantor bikin jahat manusia ubah lingkung dukung kriminal timbang lihat jahat,Positif
bilang alas kuliah alas kuliah kerja kerja gila kerja rodi kerja istirahat mending kerja duduk komputer,Negatif
maaf bingung alas gaji kerja sesuai bingung pikir alas saran alas,Negatif
alas kerja jahat milik jaga profesionalisme positif bicara kembang ajar cari tantang,Negatif
malas gila kerja gila alas pakai stres kerja,Negatif
terima kerja langsung suruh banget tunggu proses banget allah nama kerja alas pindah gaji habis catat nomor,Positif
tabiat usaha kali alas kerja bagus gaji omong jelek jelek usaha,Negatif
alas kerja masuk akal jaman,Negatif
alas gaji mantap kerja fleksibel inti uang mantap,Positif
kerja kerja alas kuliah,Negatif
alas rekan kerja rekan kerja bocor alias suka,Negatif
kerja lingkung jahat entar alas gara-gara karyawan lebar,Negatif
jahat banget teman gaji alas penuh fakta lapang kerja maksimal pulang gila gaji minim sulit,Negatif
tolong resmi bank swasta lolos gaji moga putus karir riba,Netral
pindah kantor kali kerja alas kawan kantor jahat terima pindah kantor kali mesti kaca jahat,Negatif
gaji banget biar jomplang rasai gaji kabur,Positif
kerja alas terima kantor kantor telat bayar gaji kantor ganti sulit kasih alas situ kembang,Positif
cewek lingkung kerja jahat kaya manusia kayak gaji salah bahasa binatang pusing cewek aduh putus,Negatif
tetiba alas mesti jaga cucu anak terima kerja banget hitung gaji suami bilang gaji penuh bersih untung suami hilang,Negatif
banget coba kenal alam kerja alas terima kerja cerita alam capai kerja alas kerja,Netral
alas kerja jahat uang lembur kena potong tanggal merah kena potong kerja,Negatif
niat ijin gaji alas capek kasih fasilitas kamar bobo kerja alas asli ipar nafkah masak alas,Negatif
alas tindak laku cari alam cari peluang sesuai tuju karir ahli kembang,Netral
cari ganti kaya usaha cari orang gaji kerja kadang uang makan tunjang gaji,Negatif
alas kerja usaha bilang usaha bohong usaha gaji alam,Negatif
kerja undang jujur kerja tolong kasih referensi alas pindah kerja over,Negatif
cewek gaji gaji gaji tara anak langsung,Negatif
cewek gaji alas gaji butuh apresiasi tugas undang seleksi kerja kerja,Negatif
putus lingkung kerja nyaman jenjang karir gaji jenuh banget kayak karyawan nyokap tuju takut,Positif
habis kontrak gaji mudah percaya gaji bentuk tulis kontrak ikat,Positif
kembang modal kota ambil alas visa kerja negara,Negatif
arti tahan lingkung kerja jahat faktor gaji tekan keluarga kerja janji,Negatif
konten kreator guru alas lingkung kerja jahat nyata lingkung jahat akibat ulah,Negatif
pandemik bayar gaji selesa kerja relaks fikir kerja henti kerja henti kerja pandemik benda henti kerja,Negatif
gaji cepat,Netral
pilih salah harga level tutup bawa gerbong rombong manjur pakai,Negatif
pindah kerja jamin aman terima sesuai kerja lolos alam tinggal nyaman usaha enak,Netral
lompat kerja mesti benda bagus sesuai gaji baca,Netral
pindah kerja kerja arti enak pikir ayam sayur sesuai koridor kantor kerja pindah,Negatif
kerja enak ajar tumbuh serve kerja pulang gaji pikir robot,Netral
ubah mentalitas malu telat kerja wajib acara kantor urus pribadi debat manusia salah,Negatif
bangun pagi semangat pergi kerja tepu kerja rutin gain mati situ gaji timpal,Netral
standar pindah gaji pindah gaji pintar,Negatif
tukar perkara sedia gaji rendah pasal jawat kembang resume sedia tukar,Netral
kerja efek gaji tingkat suka usaha daya tawar orang langsung ganti bisnis gerak cepat alas kerja,Positif
kembang karir hasil sesuai harap pindah faktur utama tahan pindah perut hati otak,Positif
kerja efek gaji tingkat suka usaha daya tawar orang langsung ganti bisnis gerak cepat alas kerja,Positif
kerja negatif marah malas pergi kerja kerja teruk kaki bawang kipas gaji kaki bawang ubah perangai orang kerja,Negatif
hubung kerja kerja artikel rencana asih lindung karyawan hubung kerja kerja komunikasi sehat mental,Negatif
alas urgen tawar jahat kerja orang loyal terima usaha kutu loncat,Negatif
kenal kerja start kondisi mental pengaruh fisik kena parah rawat inap operasi putus pindah kerja gaji alas pengin hidup mbak,Negatif
tukar perkara sedia gaji rendah pasal jawat kembang resume sedia tukar,Netral
nyata posisi gambar kursi pengaruh banget kerja semenjak pindah meja kasur jatuh kayak leseh ganti kursi sakit pinggang,Negatif
dosa banget tali silaturahmi teman jahat bawa pengaruh buruk putus kontak pindah kerja,Negatif
tiada gaji urus beban kerja wang sehat rupa faktor henti,Negatif
stres kerja situ fikir duit kalis jahat stres baca seronok kerja,Negatif
rekomendasi pindah managemen pasar salah bidang milik pengaruh usaha rekan kerja kasih,Negatif
loyalitas hasil kerja sesuai tawar gaji bangun sulit kembang,Positif
bang jakarta bogor kantor kondisi kerja jakarta bikin stres pindah banget beda tinggal kantor kantor tinggal pengaruh,Negatif
alas kerja lingkung jahat lingkung bagus jahat bagus keteter rumah mahal over stres,Negatif
ganggu kerja jabat hormat rehat komunikasi kerja tempoh akta kerja sekira majikan bayar,Negatif
peran milik andil karyawan latar kuat orang kerja gaji gain koneksi bikin kena sasar,Negatif
pinda akta kerja september cuti salin cuti kerja kerja kena ambil,Negatif
cipta kerja omnibus jalan capai oktober tingkat tajam omnibus sejati cipta negara oligarki mudah sangon upah murah privatisasi hubung kerja buruh,Negatif
ramai henti kerja gaji harga kawan kerja jahat beban kerja repek kebaji kerja abai,Negatif
jahat pindah pindah kantor,Negatif
jurnal riset korelasi jarak tempuh tingkat stres pegawai hasil korelasi positif komuter rentan hadap stres psikis,Negatif
kantor bikin gaji cepat strategi jangka buah utas perspektif usaha hadap,Positif
kerja gaji bawa pulang gaji doang anak muda rugi usaha bawa pulang monitor inventaris kantor biar untung,Negatif
kerja minggu september pinda akta kerja kenal atur kerja fleksibel kerja mohon kerja rumah situasi desak,Negatif
kerja kantor lembur bayar pulang malam buah budaya haram hukum pulang pabrik pulang karyawan pulang ganti,Netral
jabodetabek wajar alias kutu loncat pindah kerja gaji pindah kerja daerah lapang kerja batas rendah coba,Negatif
orang suka banget zona nyaman perihal kerja cari nyaman gaji butuh lingkung kerja suruh cari tolong kasih paham,Negatif
lompat lompat relatif stabil cetak badai reda asik goreng gaji pindah kena,Negatif
ramai henti kerja gaji harga kawan kerja jahat beban kerja repek kebaji kerja abai,Negatif
kuat kuasa pinda akta kerja tangguh januari ubah akta kena kait kerja cuti salin gaji jangka laksana september,Negatif
dunia kerja kantor salah kerja pecat hilang gaji kerja hilang nyawa pindah tugas gaji enak,Negatif
jahat kerja masuk akal rela begadang kerja libur saing rekan kerja kasihan kerja efektif sesuai lihat malas,Netral
amit usaha nyata jahat lihat dampak performa kerja efek sakit igau kerja tidur pikir negatif kompromi sehat nomor,Negatif
wajar arsenal arsenal main pindah pengaruh latih uang transfer gaji salah kerja latih medioker,Negatif
salah kerja pilih cari duit nyaman cari ajar alam muda saran cari jahat,Negatif
skala luas bukti kerja beranta pengaruh buruk performa making profesi taruh nyawa jaman kerja tidur bodoh egois,Negatif
pusat ekonomi maju ekonomi raya cemar stres jimat syarikat staff jimat,Negatif
transfer transfer stres,Negatif
pengin pindah industri kembang coba perhati jual,Positif
pikir kembang sehat pilih pilih,Negatif
cewek kerja pulang sore galak kerja main sabtu masuk tanggal merah masuk jarak rumah kantor kerja takut tanggap,Negatif
stres kerja kerja perangai kerja jahat salah punca henti kerja mental ganggu,Negatif
lingkung kerja pengaruh harap cari alam gaji lingkung kerja jahat omong lingkung kerja cibir,Negatif
stres,Negatif
laksana patut kuat kuasa september tangguh cuti salin cuti kerja minggu lepas raja putus pinda akta kerja tangguh januari,Netral
wacana buah bibir kerja sorot kerap pergok kerja contoh,Negatif
kantor pulang cepat kayak pulang gila banget bayang pulang jalan jakarta macet parah buka telat buka jalan rumah hebat banget kantor kayak,Negatif
kena tukar gaji kena lihat faktor peluang staf staf cuti kerja kena angkut isteri angkut senarai,Negatif
kaji kerja gembira stres stres ganggu,Negatif
lompat kenal kawan sorang lompat tukar tukar baju gaji,Netral
putus pindah kerja gaji rendah ganti mental sehat tingkat stres kendali temu keluarga damping tumbuh kembang buah salah putus bijak hidup,Netral
nyata lingkung kerja jahat alas beliau cocok usaha fokus studi kontrak wajar hitung,Positif
padang jawa,Negatif
ramai cakap zone gain basic bosan contoh pasal gaji pasal suka kerja takut,Negatif
kerja jawat awam putus henti kerja nasihat henti alas sayang kerja jamin takut niaga,Negatif
cerita pecat karyawan kerja kerja kerja tonton kerja bingung lucu marah,Negatif
orang perihal teman kantor jahat tinggal nyata gampang ketemu sindir stres banget anjir stres,Negatif
masuk gaji orang were,Negatif
ramai henti kerja gaji harga kawan kerja jahat beban kerja repek kebaji kerja abai,Negatif
habis tolak alas nasib omset cabang pegang sender capek banget cabang penuh orang jahat gaji pokok sender omset,Negatif
paham kerja jamin gaji pangkat kena lompat,Negatif
halo sender kantor alhamdulillah langsung kerja gaji kantor kerja menang hasil,Positif
kerja usaha lokal indonesia prinsip kerja wajar batas usaha gaji beda kerja maksimal usaha harga upaya,Netral
sayang kerja jahat sedih,Negatif
pindah kerja gaji pengaruh banget nyaman kerja teman lumayan goyah pengin,Negatif
stres kerja stres kuasa singkat takut pecat salah hidup stres stres banget,Negatif
cewek gaji aneh usaha salah over kasih gaji biar pikir capek ajar,Negatif
usaha bilang cari bikin kembang buruk mending,Negatif
cewek gaji slip gaji dampak gaji usaha gaji usaha slip gaji ubah pikir,Negatif
paksa modern bebas undur tunggu anggap kerja tahan usaha wajib asih makan siang lembur minggu kasih kompensasi libur atur negeri manusiawi banding atur,Negatif
kerja palu gaji orang alami kerja akibat cemas depresi ganggu aspek hidup pribadi kerja bayang berat hidup,Negatif
tukar kerja gaji ramai tuju tukar kerja kerja kaya majikan sahaja kaya,Netral
tukar kerja gaji ramai tuju tukar kerja kerja kaya majikan sahaja kaya,Netral
wajar tukar kerja pindah kerja gaji loyal gaji tengok contoh situasi,Negatif
buah syarikat rugi gaji minimum,Netral
kait kutu loncat manajemen loncat bikin gaji drastis baca kutu loncat rekomendasi kasih orang kandidat,Positif
kerja usaha jahat julid salah anak bumn gaji sopan anak jaman kerja,Negatif
pindah kerja kerja pindah kerja gaji kerja gaji gaji,Negatif
cuti ganti takut bilang alay rekan kantor ganti kerja hubung orang kontak,Negatif
utama kerja masuk gaji pakai orang indonesia indonesia gaji habis hidup,Negatif
jalan penat pindah rumah,Negatif
kerja jakarta gaji tawar mutasi ponorogo gaji jakarta ponorogo murah ambil,Negatif
salah ajar perkara gaji jahat peluang pangkat tukar kerja,Negatif
pergi kerja pindah jabat sahaja utama anak nikmat tukar ganti nikmat alhamdulillah,Negatif
paksa masuk kerja pagi pulang malam buta hukum telat balas pesan menit paksa lepas alat kena sakit paksa kerja tidur kaki tangan hilang,Negatif
kayak rame generalisasi baca sisi positif kutu loncat pindah posisi gaji,Negatif
hindar ubah hidup takut stres ubah takut hindar puas frustrasi,Negatif
rela alas usaha banget rumah gaji ongkos transpor rupiah sesal enak,Positif
real jalan mesin karyawan jalan mesin karyawan tinggal orang arti karyawan pegang gaji,Positif
teman kakak rekrut posisi kerja bikin gaji kakak nyata gaji beda kakak segi gaji fasilitas beda akomodasi tiket cuti tanggung usaha,Negatif
kerja lingkung sehat manusiawi kompeten lokasi jangkau transportasi publik rumah cuti cuti gaji over rendah amin,Negatif
percaya percaya orang stres kerja kerja berat lingkung rekan kerja jahat,Negatif
geng mari cari kerja tinggal kerja jahat atus jawat kosong tinggal,Negatif
jahat besok,Negatif
kerja jahat jalan hidup hasil,Netral
alas urgen tawar jahat kerja orang loyal terima usaha kutu loncat,Negatif
jahat kerja stop bawang negatif stop dengar orang bawang takut bawang stop cari salah orang bantu,Negatif
kerja jahat rubah darah daging pilih,Negatif
sangka lingkung jahat jatuh karya hidup puji melulu ujung sehat nyaman malas kembang mesti imbang,Negatif
kerja suka duka beban kerja kolega gampang kabur kerikil permisif cari jahat salah ambil cuti salah,Negatif
saban kantor toksik tongseng jahat ciri ciri,Negatif
jahat kerja stop bawang start negatif stop dengar orang bawang takut bawang stop cari salah orang bantu stop orang,Negatif
jahat hubung kontrol pasang sulit dukung curiga kekang bohong terima keras fisik love,Negatif
mesti sorang stres jahat gaji sikit orang kerja,Negatif
jahat bahaya jiwa bahaya pikir cepat hakim orang jahat ajar sadar hakim orang sadar kadang hakim cermin gulat batin,Negatif
jahat hindar hubung jahat teman jahat moga hindar jahat,Negatif
lihat orang kerja jahat kapai korporat kantor dengar prinsip orang kerja mental enak orang kayak orang kayak erti,Negatif
orang lihat asil lihat ruang lingkup kerja pribadi ruang lingkup kembang bayang ruang lingkup jahat maju pikir otak selesai,Negatif
jahat,Negatif
cari harga lingkung kerja jahat parah zona khawatir gaji orang gaji orang rezeki,Negatif
orang lulus potensi orang letak kerja letak jahat jahat,Negatif
bawang salah jahat kerja jenis suka puak bawang benda asing orang,Negatif
jahat benda orang cari salah kena kena hina benda alhamdulillah hidup tenang harap kekal kenal jahat,Negatif
mending tahan lingkung jahat bentar lihat kayak kasihan kerja lingkung jahat capek fisik mental,Negatif
kawan sekolah jahat kerja jumpa perangai orang nilai kerja sentuh masuk kalut,Negatif
jahat,Negatif
cari makan situ periuk nasi suka kerja tutup mulut kerja jahat berat hidup gampang,Negatif
jahat besok,Negatif
capek banget ayah mama erti bilang anak kerja anak jahat hati enak kerja,Negatif
susah cari kerja kena teruk kerja teruk penuh jahat kesah pendek kerja teruk,Negatif
asli jahat gosip main perang dingin petinggi kuasa salah manager main tulis bismillah tamat hormat,Negatif
teman kerja kerja minggu kirim surat undur grup banget habis maki grup langsung kirim surat jahat banget suka maki karyawan grup,Negatif
orang jahat omong suka bikin sakit jahat talk,Negatif
lingkung jahat lingkung jahat jahat,Negatif
ajar hindar kejar sisi buruk jahat malas rajin sisi buruk rajin istirahat kerja korban sehat wajar,Negatif
selamat semangat moga kerja kabar bahagia kerja juang tahan jahat semangat,Negatif
takut banget utang bayar kerja jahat banget aspek,Netral
orang tahan hidup lingkung kerja jahat posisi gila,Negatif
tanda kerja jahat kerja lupus bahan jahat,Negatif
stres kerja situ fikir duit kalis jahat stres baca seronok kerja,Negatif
susah kerja jahat gila babi,Negatif
psikolog jahat orang dampak buruk orang kategori jahat orang orang jahat,Negatif
hadap kerja jahat,Negatif
malas banget jaman sekolah kuliah ketemu kelompok teman jahat kerja ketemu teman gejala arah jahat biar sayang,Negatif
gaji sesuai harap kerja jahat gaji kerja nyaman,Positif
kali rasai kerja jahat banget,Netral
kerja jahat kadang cari kerja susah tabung harap hadap anak allah pengin teriak,Negatif
sampah kerja jahat situ,Negatif
sinar jahat kerja,Negatif
kerja jahat ekosistem keras kepala rugi mending cari laku aktivitas peluang jujur usaha pintu buka,Negatif
pandang angkat kaki kerja kerja sakit badan orang cari salah suasana jahat angkat kaki,Negatif
nama jahat niat untung butuh orang terima dukung balut,Negatif
januari selesai teman kerja enak kerja manajer jahat banget laku payah,Netral
rasai jahat kerja,Negatif
jahat kama plan mental wiki sasa drip jahat pesa,Negatif
kerja jahat,Negatif
manusia kerja tahi level jahat,Negatif
alhamdulillah sekian tahan kerja jahat potong kerja gaji hidup real,Negatif
lepas henti kerja alami tekan peringkat halau buang kerja hidup kerja penuh manusia jahat paksa,Negatif
nekad jahat teman kantor suportif kerja budak sistem kantor hancur hasil kesel uang kantor tolong,Negatif
suka orang umbar kerja jahat clear ungkit,Negatif
coba jahat kerja,Negatif
bismillah allah lancar moga kerja jahat,Positif
pilih tahan kerja jahat tawar enak suka hidup,Negatif
orang ajar situ omong jahat orang pikir positif situ omong jahat hidup hidup jalan ganggu,Negatif
kerja negatif marah malas pergi kerja kerja teruk kaki bawang kipas gaji kaki bawang ubah perangai orang kerja,Negatif
tuhan orang orang jahat kerja,Negatif
abih baran layan perangai jahat sorang kerja,Negatif
jahat petrol mimi supervisor kama mimi uniform,Negatif
fikir kerja gaji suasana kerja kerja jenis jahat jenis takboleh kerjasama orang kepala auto kerja malas kerja,Negatif
tuju jatuh jahat jaman orang bangga sibuk tidur kayak langgeng jahat,Negatif
anak anak kuliah magang jahat banget anjir ambis,Negatif
bebas kerja jahat,Negatif
rugi tahan jahat kerja orang kerja kering,Negatif
teman jahat kerja,Negatif
sangka jumpa orang jahat kerja alhamdulillah tenang sikit,Negatif
kerja jahat nyata badan,Negatif
sadar teman kerja jahat,Negatif
betah kerja jahat,Negatif
kena hadap jahat kerja,Negatif
semangat dikit kerja enak teman jahat tinggal,Negatif
lingkung kerja jahat kerja lihat hasil kerja apresiasi,Negatif
kerja jahat jahat tahan rejeki kasih aset nyaman partner kerja enak kayak keluarga aset nyaman ambil lemah,Negatif
ubah sikap persepsi rekan kerja jahat kejap butuh adaptasi sesuai paham ketimbang pusing fokus kerja,Netral
kali kerja langsung kerja lingkung kerja jahat minggu kerja nyaman bilang langsung bawa surat,Negatif
jaga sehat mental kerja jahat rekan kerja cari muka kopet auto debet gagas,Negatif
kerja jahat banget manajemen lingkung urang banget kayak berat renti sumpah capek banget mental mending,Netral
kerja orang jahat mending mundur tahan lingkung kerja sehat,Negatif
kerja jahat level kerja,Negatif
kerja jahat pamit kasih,Negatif
ketemu orang ambis jahat sekolah kampus kerja coba,Negatif
suasana kantor enak jahat rekan kerja tahan butuh duit pahit,Negatif
gaji digit rambut rontok bolak psikiater jahat bolak pabrik tidur fitnah teman kerja kerja katai kerja orang,Negatif
capek orang jahat kerja keliling orang jahat,Negatif
stres kerja stres jahat kerja,Negatif
pengin kerja jahat paksa tahan capek,Negatif
bimbang kerja jahat gaji masuk gaji,Negatif
hasil kerja jahat lega banget adaptasi lingkung kerja bikin hela nafas,Positif
kali kali jahat jahat kerja sepele tahi bikin,Negatif
cowok lulus kerja kerja bagus rada jahat kerja umur masuk,Negatif
jahat grup grup muka suka teman,Negatif
senang kerja sesuai rasai jahat kerja ketemu orang super enak banget kenal jahat ujung pilih rasai nyaman,Positif
kerja jahat parah,Negatif
sumpah jahat banget kerja teman menang cerita,Negatif
hilang sifat orang kenal selesai kayak habis kontrak kerja kontak teman nyaman langsung jahat,Negatif
lagu cocok manusia jahat sebal kerja kesel,Negatif
jahat kerja jahat pilih kasih kerja,Negatif
nilai buah lingkung label jahat mesti introspeksi kali kali lihat salah orang orang emosi,Negatif
bahaya banget saran grad kecuali jahat nama grad erti jahat kagak implisit omong jahat mudah identifikasi jarang,Negatif
rumah jahat kerja jahat,Negatif
jahat bikin salah perhati kelar diam,Negatif
baca pasal jahat kerja bingo,Negatif
jaman stres kerja jahat minggu surabaya senin kerja habis angkat koper start,Negatif
semenjak jahat batas terima respon orang respon semangat bikin berat,Positif
orang jahat banget kerja risih anjir kayak,Negatif
kerja petang malas kerja jahat semangat pergi kerja,Negatif
tolong badan capek tidur kerja jahat sungguh kesan jalan usia,Negatif
pengin asih semangat jahat cari kerja,Negatif
mintak kerja kerja jahat,Negatif
syukur banget kerja jahat gaji masuk main kerja kerja gaji tanggal tanggal gaji kasi kasih gila kasih,Negatif
kerja hindar orang jahat kerja orang jahat,Negatif
kerja lingkung jahat,Negatif
pikir pikir orang orang jahat kerja,Negatif
henti kerja lingkung sehat jahat moga tuhan yesus kasih kerja cepat amin,Negatif
habis talk kerja sakit banget lihat mama tahan menang kerja jahat parah banjir banget cerita mama derita kerja situ,Negatif
jahat kerja manager senior lembur kontribusi kerja efek bikin pengin lihat kerja,Netral
alami gaji sikit kerja kawan kerja gaji kerja kawan kerja jahat,Negatif
kerja tengok orang ramai kerja jahat kerja jahat stres,Negatif
alas kerja lingkung jahat lingkung bagus jahat bagus keteter rumah mahal over stres,Negatif
banget bukti betapa jahat korban jahat mati katai,Negatif
cerita orang suka gunung komen gemar telat alias ketua kali sumpah jahat bikin bego wajar suka,Negatif
tolong hormat orang orang bang faham orang orang korek pasal orang jahat kerja,Negatif
orang drama rasai lingkung jahat kerja kayak betah,Negatif
cerita pasal jahat cerita awak kerja situ jahat tahan,Negatif
jahat kerja,Negatif
bawa nama ganggu performa kerja arti cocok musti cari lingkung sesuai lepas salah manusia bawa kolega jahat inti cocok jalan,Negatif
penuh pasal kerja jahat faham,Negatif
laku suasana kerja jahat orang kadang tuju,Netral
betapa jahat kerja orang kelakar,Negatif
jahat orang orang,Negatif
kasih orang rumus serah percaya orang sentimen pribadi orang tanda jahat,Negatif
jahat kerja kerja kembang orang,Negatif
cakap sorang kutuk jahat bodoh kerja orang staff jahat benci,Negatif
seng lapang temu orang istilah lingkung jahat kerja laku,Negatif
izin kerja betah kerja jahat,Negatif
kerja kantor jahat suka deg-degan kerja,Negatif
paksa kerja jahat bikin maju putus sedih,Negatif
gaji lingkung enak kerja nyaman gaji nyaman baca jahat,Positif
definisi jahat konteks sepakbola arsenal main beli tiket tonton arsenal arsenal jahat,Negatif
kerja admin gaji motor pakai operasional kerja jahat kali berangkat kerja menang patut saran,Negatif
kerja pikir kerja jahat tunjang karir bingung cari susah pengin kabur banget asli tahan cari tinggal,Negatif
duduk sorang adik duduk sepang start start sorang kerja jahat,Negatif
kerja cari duit cari teman real artikel teman rekan kerja,Negatif
rang orang jahat kerja kayak,Negatif
urus mental sikit penat hadap orang jahat kerja,Negatif
pribadi orang jahat jahat hubung pacar jujur teman jahat jahat,Negatif
lelaki sayang kerja perempuan diam orang jahat percaya hati hitam jumpa syukur alhamdulillah,Negatif
orang jahat fault sayang plus,Negatif
orang mental anak kerja jahat anugerah orang,Negatif
orang lingkung jahat kayak langkah percaya enak alam pribadi,Negatif
kayak jahat orang paham konsep wajib keluarga orang konservatif takut anak pulang malam anak didik kayak,Negatif
kerja jahat usaha cari kerja layan emosi tahan situ talk awak kerja bagus sentiasa,Negatif
osis sekolah jahat banget pagi marah maki maki bina osis angkat sakit maag kambuh vertigo kambuh,Negatif
jahat manusia kerja,Negatif
definisi jahat mati suruh masuk kerja,Negatif
oktober moga keluarga sehat ikhlas rela pergi lapang dada hadap moga orang jahat kerja amin,Positif
jenis kuat kipas orang jahat kerja,Negatif
human sorang hidup email jahat,Negatif
admin henti kerja zaman hilang kerja hilang akal gila kerja jahat henti span sakit tinggal,Negatif
hadap jahat jahat orang manusia sempurna jahat orang kawal minda negatif,Negatif
bahaya hubung jahat sadar rendah arti minder gampang asli harga hubung jahat,Negatif
tengok kerja sumbang jahat baca habis pikir kerja kejut,Negatif
stres kerja galas perangai setan orang kerja henti kerja rana stres orang jahat situ,Negatif
laku racun guru sekolah hadap rekan kerja nyinyir gadget pribadi bawa bantu kontra rekan kerja bahas sekolah guru senior,Positif
kerja jahat penat mental tanda kerja jahat,Negatif
kaget banget mantan senior salah gara orang jahat banget marah suka grup situ intern grafis kerja,Negatif
kerja manajemen kantor kerja super jahat orang kerja kayak nilai valid,Negatif
mulut perangai jahat kerja orang henti kerja jawat galas tuju,Negatif
kena jahat kerja institusi sahaja kerja bidang kongsi,Negatif
semangat abdi pamrih istilah jahat suka pakai kalimat tugas beban sumbangsih nkri penasaran khas kantor,Negatif
jahat start orang,Negatif
usaha nama rohmat orang jahat banget,Netral
kerja bilang suara bagus jahat banget,Netral
kerja senior lumayan jahat orang salah omong banget kayak dunia salah ciut kayak anak kucing takut salah orang,Negatif
kongsi alam jahat hadap kerja,Negatif
kerja rumah kawan jahat salah rezeki,Negatif
baca ngeri nyata lingkung kantor cari alam uang teman bonus cerita jahat lingkung,Negatif
cewek jahat halo alam kerja jalan saran,Negatif
jahat mental tahan gaji orang,Negatif
alam kantor laptop,Netral
jahat bagus tanda sadar laku manipulasi kerja kamus anak jaksel,Negatif
nyata kerja ambil gaji pulang urus jahat sebal,Negatif
jahat lingkung salah momen bambang suka macet rumah suka basa basi omong kali orang langsung biar kicep,Negatif
jahat pindah pindah kantor,Negatif
pegawai bank lihat target penuh tekan galak senioritas rekan kerja jahat kerja lembur pengin kerja,Negatif
kantor lingkung jahat nama kerja jujur suka takut kondisi kayak cari kerja susah,Negatif
jahat banget astaga kerja,Netral
nyata orang lingkung kerja jahat bayang parah cerita mbak nyata,Negatif
makhluk jahat kerja muka,Negatif
kerja kerja benda kali peras peras asyik stres letih benda marah,Negatif
jahat jahat,Negatif
salah kerja pilih cari duit nyaman cari ajar alam muda saran cari jahat,Negatif
manager pakai jahat,Negatif
salah tanda kerja jahat status cuti,Negatif
solusi hadap lingkung kerja jahat solusi cari bagus cari lingkung kerja cocok gampang bekal,Negatif
jahat bahaya jiwa bahaya pikir cepat hakim orang jahat ajar sadar hakim orang sadar kadang hakim cermin gulat batin,Negatif
cari kerja jahat,Negatif
kerja jahat angkat kaki pergi angkat kaki pergi,Negatif
jahat banget kerja parah,Negatif
lingkung jahat kerja,Negatif
kesel banget mbak bikin kerja jahat sadar laku bikin nyaman,Netral
pilih lingkung kayak kantor lingkung suportif super jahat laku kondisi,Negatif
kerja ketemu orang orang jahat,Negatif
kerja lihat jahat,Negatif
bismillah kerja jahat,Negatif
jahat banget kerja anjing,Negatif
seram banget nyata teman kantor jahat kantor langsung komen,Positif
jahat kerja,Negatif
jahat banget kerja anjir,Netral
tolong kerja jahat,Negatif
jahat,Negatif
banget hidup lingkung jahat kerja,Netral
orang jahat kerja,Negatif
kerja jahat cakap benda rumah,Negatif
jahat kerja,Negatif
start selesa kerja jahat,Negatif
kerja posisi anak proses suami bangun rumah kerja jahat banget cari kerja susah anak,Negatif
jahat kerja,Negatif
minggat kerja jahat,Negatif
tendang biru tendang kerja jahat tahan,Negatif
senang kena kerja jahat sedih duit hasil kerja,Negatif
kerja jahat tahan,Negatif
kerja jahat banget kayak asem manis,Negatif
stres kerja kerja perangai kerja jahat salah punca henti kerja mental ganggu,Negatif
kerja lampau jahat penat,Negatif
kerja kerja jahat cepat penat penat perangai manusia,Negatif
bilang kerja jahat jahat sender pengin introspeksi masuk enak bikin ribet asli,Negatif
jahat titik capek hubung kembang alias situasi sisa tuduh kali ribut sayang egois dominasi hubung putus masuk,Negatif
jahat jerat jahat kasih masuk tahan hubung hubung nyata,Negatif
kerja jahat,Negatif
bantu bimbang banget jujur alas pengin kerja nalar manusia,Positif
lingkung kerja jahat alur bikin pengin tahan kesan sindir mari teman,Negatif
kayak kerja jahat bikin trauma banget kerja takut bawa takut ulang,Negatif
teman cerita cerita kerja jahat pindah jahat,Negatif
kerja jahat tahan bentar moga rejeki,Negatif
kerja jahat cari kerja,Negatif
sikap jahat lingkung pengaruh kerja keluarga keluarga lingkung kerja mental jahat jaga arus racun,Negatif
moga sponsor lancar kerja lingkung jahat amin,Positif
kerja jahat moga lingkung jahat mata banget sisa cari lingkung,Negatif
capek banget orang orang jahat kerja,Netral
kerja jahat,Negatif
amit usaha nyata jahat lihat dampak performa kerja efek sakit igau kerja tidur pikir negatif kompromi sehat nomor,Negatif
jahat kerja,Negatif
jahat kerja,Negatif
kerja jahat banget,Netral
salah salah manusia jahat kerja laku,Negatif
mental kondisi kerja jahat kerja sesuai desk kerja hancur orang keluarga orang posisi waras mental hidup keras tuhan,Negatif
lingkung orang jahat lingkung rumah kerja keluarga beliau turun dunia imbang hidup,Negatif
mulut jahat senior buli junior kerja jahat lari kerja arab,Negatif
ketemu orang orang kerja lupa kerja jahat,Negatif
bayang dedikasi antri bpjs kerja jahat level,Negatif
pengin kerja dilema orang orang capek kerja jahat,Negatif
kerja jahat,Negatif
jahat,Negatif
kerja jahat,Negatif
biar kerja anak magang banget salah dikit bilang baperan cerita kantor jahat banget kontrak,Negatif
sumpah kerja jahat banget pulang curhat info,Negatif
kerja jahat gaji rezeki,Negatif
keluarga jahat pasang jahat kerja jahat jahat orang,Negatif
hidup lingkung jahat kerja,Negatif
kerja lingkung jahat pelangi pengin banget sembuh lamar kerja tolak pikir pasang kayak orang jahat jahat,Negatif
jahat kerja,Negatif
kerja jahat sabar jela fikir,Netral
keluh kesah utama jahat kerja sadar lingkung kerja jahat,Negatif
suka uang jahat bodo ganti duli sesuai kontrak kerja lingkung kerja asyik gaji libur bagus paket,Positif
nyaman kerja jahat pengin menang,Negatif
kayak paruh stres menang sedih sakit stres skripsi putus cinta operasi usus buntu tinggal nenek tinggal stres kerja jahat,Negatif
penat kena hadap jahat kerja,Negatif
suka heran jahat kerja tinggal bilang sulit kerja,Negatif
kuat bawa kerja sebel jahat kerja malas,Negatif
bikin jahat kerja person real ampun,Negatif
bingung standar jahat orang saran maksud mental pasuk lembur biar sangon,Negatif
kerja keras binatang kerja keras peras keras suruh kerja jahat,Negatif
kerja jahat kerja alhamdulillah,Negatif
kerja mesti jahat situ pikir kali,Negatif
contoh hubung jahat cewek agens fandom profit bikin rugi utang agens induk kalah agens,Negatif
curhat trauma kerja gara-gara rekan kerja jahat trauma efek kerja besok kerja percaya banget,Negatif
lucu banget kerja dukung cari kerja bagus jahat banget semangat rekomendasi kerja,Netral
telusur bayar lingkung kerja jahat bagus paksa tahan keburu depresi anak orang,Negatif
mental rusak banget jahat,Netral
kawan intern jumpa menang cerita jahat intern orang kerja pakai selidik habis melulu putus sesal,Negatif
salah budaya jahat orang indonesia urus hidup pribadi orang netizen perang komentar bela selebgram kait hidup biar keluarga,Negatif
jahat kerja masuk akal rela begadang kerja libur saing rekan kerja kasihan kerja efektif sesuai lihat malas,Netral
level staff pergi toilet kena lepas tender mental jahat,Negatif
september kemarin jahat kerja kantor kantor senang banget banget banget menang,Positif
kerja negatif marah malas pergi kerja kerja teruk kaki bawang kipas susah gaji,Negatif
jahat kepala jahat alam,Negatif
contoh jahat patut wujud tengok jepun ajar berdikari bina jati,Negatif
lingkung jahat tinggal tahan alas enak sehat hidup bego,Negatif
dunia kerja utuh berangkat kerja pagi kantin kantor coba survey kota pusat kabupaten bekas,Negatif
nama jahat orang capek sedih kesal kali tuju kerja berat banget gila kuat banget tepar,Netral
tanda kerja verbal normal manager amik janji mungkir orang ambil kredit kerja ramai orang tipu staff senyum pilih kasih,Negatif
salah juang tahan hidup singkat cerita masuk jahat bilang kerja tolong,Negatif
sindir sindir jahat jahat kaca banget kerja enak suruh kerja biar proses banget kerja jahat jahat jahat,Negatif
orang kerja letih sedih stres kerja jahat cari marah cakap,Negatif
capek banget anjing pasang topeng kerja jahat,Netral
tahan tahan kerja jahat,Negatif
sedih kerja jahat sedih sangka manusia rupa perangai jangka dahsyat sakit orang balas akhirat,Negatif
berat banget berangkat kerja kayak malas malas orang lingkung kerja jahat banget,Negatif
pergi kerja kerja jahat sumpah sedih orang sanggup mudah suami bakar semangat bahagia lepas bodoh,Negatif
habis kerja rekan jahat,Negatif
suami kerja start jahat jahat,Negatif
cewek sender habis kontrak lega lingkung kerja jahat sender biar sisi pikir sender pusing sender tulang punggung keluarga,Negatif
kerja jahat cuti cuti adek kena orang,Negatif
kerja jahat henti payah,Negatif
wujud kerja jahat langsung jahat takut kandang buaya masuk kandang harimau,Negatif
stres kerja kerja perangai kerja jahat salah punca henti kerja mental ganggu,Negatif
baca gambar lepas habis intern masuk kerja start nyepi tahan kerja jahat,Negatif
seru kerja jahat gaji lumayan orang jahat kerja lawan tantang langsung kicep,Negatif
ajar banget hidup betapa orang kadang sadar kerja jahat jarak umur paut temu lingkung kayak keluarga,Negatif
orang tukar kerja stres kerja jahat patut seronok tahi tuduh,Negatif
terima kasih sedia wawas orang alami jahat paham alam golong paksa perhati milik,Negatif
tips hadap orang jahat kerja jahat perangai karut cakap faktor usia,Negatif
kuliah farmasi kerja jahat,Negatif
sender pengin banget sembuh sender tolak pikir pasang inti jahat pasang kerja pasang,Negatif
semenjak ketemu orang tulus hidup sosial lingkup personal profesional asia jahat banget komen respon bentuk bumbu,Positif
rasai nama kerja zona nyaman jahat kerja jahat teman kerja jahat kayak rasai,Negatif
jahat gaji lampau sikit bonus kerah tenaga langsung bayar kena tahan maki rumah,Negatif
jahat gaul jahat pandai gaul suka cerita buruk orang lepas pilih kasih kerja long kerja,Negatif
omong kerja jahat teman jahat lingkung jahat mending kaca omong jahat orang semangat pagi,Negatif
lingkung kerja pengaruh harap cari alam gaji lingkung kerja jahat omong lingkung kerja cibir,Negatif
arti usaha bilang jahat staff pakai jalur rekan kerja lihat situ coba bokap bokap tegur suka,Negatif
gampang anak kakak anggur adik lulus orang pensiun kerja jahat,Negatif
buram maksud lingkung kerja jahat kayak kayak kerja marah normal,Negatif
umur jahat kerja,Negatif
definisi stres toksik laku usia tekan henti sokong patut jaga intervensi lang alam dewasa,Negatif
kerja jahat plus kapai,Negatif
pengin coba takut salah ambil putus kuat jahat banget usaha keluarga milik keluarga milik rasai susah keluarga notabene jilat kerja,Negatif
dunia kerja orang kali kali beda bela lingkung jahat rekan kerja jahat kayak,Negatif
orang stres kerja rana tugas galas rana perangai setan orang kerja orang henti kerja stres orang keliling jahat,Negatif
jahat diam orang bikin bikin cermin biar kalah sakit egois kayak cermin,Negatif
jahat mudah percaya anggap orang,Negatif
kerja orang bahagia kerja orang suka geng orang puak orang layan orang tegur tegur orang diam diam gaji bahagia jahat orang drama,Negatif
video orang bilang lingkung jahat balas video beliau jahat kasihan mbak pepatah pandu,Negatif
nyata lingkung kerja jahat alas beliau cocok usaha fokus studi kontrak wajar hitung,Positif
kerja jahat pilih diam tahan jahat kejam takut jahat gali rahasia hidup senjata,Negatif
tanda kerja budaya jahat kelompok start kelompok mesti gosip jalan pokok goyang angin,Negatif
jahat,Negatif
selesai cerdas komunikasi wajar emosi sayang dewa kerja orang pintar jahat,Negatif
semangat coba cuek balas prestasi kerja ambil hati lingkung kerja jahat karir,Negatif
pengin cari aman nyaman harga nyata jahat,Negatif
jahat diam malas gaduh over over,Negatif
episode jahat,Negatif
kantor jahat rupa rejeki terkadang kantor jahat kembang cocok kerja pulang ambil gaji,Negatif
kerja takut jahat orang inkompeten usaha bedak julid tinggal cabut kerja sampah kerja inkompeten tukang julid,Negatif
sadar kantor jahat suka bilang keluarga,Negatif
sikap toleh bagus lepas jahat tinggal kerja jahat bagus amal sikap lepas toilet orang bayar hasil,Negatif
perangai orang jahat kerja selesa,Negatif
jahat jenis cepat risau over fikir orang talk,Negatif
orang perihal teman kantor jahat tinggal nyata gampang ketemu sindir stres banget anjir stres,Negatif
jahat izin jahat masuk hidup,Negatif
over late gaji kota panggar,Negatif
salah ciri pasang jahat laku keras fisik verbal surup hajar ampun maaf menang kayak budak tuan pasang luluh maaf siklus ulang,Negatif
dunia dokter jahat normalisasi suka dengar cerita dokter residen suruh butuh salah guru,Negatif
drop alas jahat jahat drop etis versi terima kasih,Negatif
nyata jahat tahan kerja dapur segala-galanya kerja kondisi untung minimal uang,Negatif
jahat jahat,Negatif
bilik lipas kena marah jahat,Negatif
jahat,Negatif
jahat,Negatif
cewek sedih jahat minggu bilang kerja beban rekan kerja sindir salah kerja rekan kerja senior ajar,Negatif
cerita kali masuk kerja manager sayang kompetensi jahat,Negatif
kerja cakap orang jahat masuk kerja cakap orang dengki masuk cakap problem cakap problem problem,Negatif
were jahat tekan takut hilang bebas harga pribadi positif,Negatif
nama jahat busuk buang paksa genggam harap busuk manfaat kedok hikmah racun racun buang rugi,Negatif
jahat kerja vendor vendor banget,Netral
punca kerja kerja kerja timpal gaji kena tanggungjawab silap staff alam percaya kerja kerja bagus pangkat drama,Netral
jahat orang personal,Negatif
kerja jahat,Negatif
jahat,Negatif
habis tolak alas nasib omset cabang pegang sender capek banget cabang penuh orang jahat gaji pokok sender omset,Negatif
kerja jahat,Negatif
kerja jahat lingkung jahat,Negatif
bahaya banget jahat anggap pasang laki anak laki jahat kasar pasang laki bela anak salah pasang,Negatif
kerja kerja jahat capek banget,Netral
kerja jahat banget anjing,Negatif
kantor lihat jahat,Negatif
sehat paham batas komunikasi niat jahat protes kekang serang refleksi hormat butuh,Negatif
nasihat kerja jenis jahat orang puji kosong asyik kritik orang salah mata salah orang,Negatif
jenis jahat kerja tarikh gaji kerja bayar kerja sebar ambil elak rapat golong,Negatif
dunia kerja lari jahat kawan kerja gila kawan kerja kawan kerja gaji sikit,Negatif
bahaya hubung jahat sadar rendah arti percaya asli harga hubung jahat,Negatif
orang jahat kayak lihat tenang salah cari celah langkah laku salah mata gerak alas,Negatif
tanda tanda kerja jahat kerja tukar tukar cakap susah mintak cuti kena perli teruk buli orang kredit kerja orang jahat,Negatif
stop jahat kerja positif sehat layak harga kerja,Negatif
jahat mahasiswa pola pikir kayak bocah mahasiswa malas kontribusi kerja kelompok suka cari musuh balas sengak,Negatif
usaha jahat keluarga,Negatif
tanda lingkung kerja jahat stres berangkat kerja takut interaksi rekan kerja remeh harga sehat mental fisik ganggu kucil,Negatif
alas teman jahat bilang ketemu teman cocok arti langsung,Positif
jahat kerja stop bawang start negatif stop dengar orang bawang takut bawang stop cari salah orang bantu stop orang,Negatif
atur buah usaha debat kerja korea selatan usaha korea bikin atur kerja kantor pagi sore karyawan smoking menit,Negatif
sumpah kayak lihat kerja jahat bikin stres harap,Negatif
jenis jahat kerja tarikh gaji kerja bayar kerja sebar ambil elak rapat golong,Negatif
normalisasi lembur bayar karyawan suka drama nyinyir jahat mampus kantor kerja,Negatif
salah bahaya hubung jahat sadar rendah rendah arti minder mudah harga hubung jahat,Negatif
kerja manager kerja masuk aspek keluarga sehat teman spiritual akar manager jahat bahas alas,Negatif
tongkrong jahat tinggal entar jahat contoh orang teman ketemu omong bisnis omong mantan sambung,Negatif
kerja sempurna kadang kerja stres kadang kerja kadang kerja jenis kuat royan pasal,Negatif
lingkung kerja jahat gaji lingkung kerja jahat teman kerja,Negatif
kena tengok cakap duduk orang kerja over orang kadang jahat kerja asah adab ajar,Negatif
sifat pasang potensi jahat malas usaha konsisten kerja kontrol emosi orang luka uang bijak,Negatif
jahat suka jaga tepi kain staff layan suruh orang kerja personal,Negatif
senang pindah kerja kali skala usaha arti ketemu orang jahat jilat tukang cuman beda muka lingkung positif relatif pilih gaji,Negatif
kerja orang dikit jahat kapai kerja were dengar tantang bangga hasil selesai bikin tipes,Negatif
pikir kerja jahat bikin fokus turun produktivitas sepele salah,Negatif
kerja jahat cari validasi teman kerja keluarga bawa arus kerja sesuai desk pulang pulang kepo urus orang terap prinsip kerja pulang ambil,Negatif
teman jahat jatuh kuliah kerja,Negatif
pilih rasai kerja lingkung jahat capek kerja,Negatif
tanda kerja bikin putus ajar pimpin alami mental kerja jahat,Negatif
kerja negatif marah malas pergi kerja kerja teruk kaki bawang kipas gaji kaki bawang ubah perangai orang kerja,Negatif
lingkung kerja jahat habis tiktok,Negatif
kerja fokus lingkung jahat drama alam pahit ajar lingkung kerja dukung tantang tahan mental,Negatif
makan siang cerita kerja jahat alamin cerita seru kasih,Negatif
bilang kantor jahat,Negatif
paham banget orang tahan kerja jahat cari kerja susah kudu kerja pakai november kerja juli stres,Negatif
pengin ijazah kerja jahat tahan lulus kuliah pura capek maaf curhat dikit orang cuman senyum,Negatif
keluarga beranta cinta gagal kerja jahat indah capek butuh istirahat butuh rumah butuh singgah,Negatif
kerja kantor jahat,Negatif
istirahat kerja jahat parah istirahat,Negatif
pilih gaji juta kantor nyaman jenjang karir gaji juta kantor jahat jenjang karir gaji juta kerja negeri libur,Positif
allah rencana nyata putus orang allah balas kasih orang sayang banget kerja ketemu orang jahat kerja alhamdulillah banget,Netral
pilih lingkung kerja jahat gaji keluarga lingkung kerja jahat gaji sepi teman,Negatif
teman jahat jatuh kuliah kerja,Negatif
niat motor beli motor mudah anak sekolah niat kerja harap allah jahat person jahat kerja jujur allah penat,Negatif
lingkung kerja jahat kerja kerja orang cewek sakit jiwa,Negatif
orang jahat egois suka cemburu sikap kasar nilai buruk suka manipulasi manfaat orang suka salah salah orang,Negatif
masuk lingkung jahat banding,Negatif
lingkung kerja olah nikel rokok sedia langgar fatal langsung pecat bawa atur kejam urus pilih mati selamat,Negatif
heran banget lingkung kerja panas jahat kadang atur senior tahi anjing kesel banget orang kayak cari duit lagak gaji songong,Negatif
salah jahat rapat sesuai arah,Negatif
kebelet pengin nyata tekan batin kerja jahat banding stres rumah kondisi,Negatif
habis lebaran kerja kerja manusia kerja nyaman jahat positif zona admin gudang coba,Negatif
mami licia pulang kerja jahat ikhlas hati ikhlas bulat,Negatif
orang betah kerja jahat lembur gaji kerja ikhlas anjir kayak gaji bikin kayak ikhlas pulang malam nama,Negatif
jahat kerja harap anak kena teruk,Negatif
kerja jahat betah kerja teman banget kerja kerja bikin betah baca nabi yunus,Negatif
kayak kerja jahat,Negatif
pengin keluh orang kerja jahat habis,Negatif
coba kerja lingkung jahat kerja allah amin,Netral
rindu duduk allah situ jahat kerja,Negatif
jahat kerja,Negatif
lingkung kerja jahat omong orang cari salah orang goreng informasi asumsi jelek orang goreng informasi sesuai fakta,Negatif
allah capek banget jahat manipulatif kerja,Positif
tetangga jahat singgung orang gosip kena fitnah jelek hati lihat orang sukses kayak fitnah miskin hina,Negatif
jahat jahat jujur hidup dasar ragu tinggal bawa pengaruh,Negatif
sorok bodoh kerja kerja bagus kerja kerja putus amal jahat,Netral
orang jahat egois suka cemburu sikap kasar nilai buruk suka manipulasi manfaat orang suka salah salah orang,Negatif
anak jaman ajar beda kerja jahat lihat wajar asumsi justifikasi performa bikin salah kantor,Negatif
kesi jahat lantak orang sorang sorang person,Negatif
gilir sakit paksa kerja apresiasi bilang maaf himpun jahat mending bubar,Negatif
jahat japri marah grup kantor orang wenang diam,Negatif
kerja jahat menat plus mulut cika suka orang suka ampu habis nama buruk orang,Negatif
pilih kantor lingkung jahat biar adil jahat rugi kesel cari muka maksud orang,Negatif
kasih gaji ganti orang jahat yayasan utang tinggal suami,Negatif
kerja negatif marah malas pergi kerja kerja teruk kaki bawang kipas gaji kaki bawang ubah perangai orang kerja,Negatif
pegawai bagus alias jahat terima kerja besok ajar kayak timbang,Negatif
cerita kerja manila rapat minggu zoom manila kantor muak banget rapat cabut listrik kantor biar rapat putus maaf mati lampu,Negatif
jahat potensi langgar ketenagakerjaan orang jaman demo mati biar buruh kerja zaman,Negatif
ayah negeri bikin stres mental kena banget kerja lingkung jahat orang rumah mental,Negatif
stres kerja jahat kerja kerja tahan kerja orang orang reng,Negatif
lingkung rekan kerja jahat dukung kembang ambil keluarga harap perfek kerja lumayan,Negatif
tinggal kerja jahat gaji bayar,Negatif
banget aura atmosfer kerja jahat kangen bareng kadang bilang capek bingung bilang,Negatif
moga jebak jahat kerja,Netral
sadar penuh pribadi zona jahat kerja orang mending mending sehat lepas tahap alhamdulillah allah,Negatif
kerja bikin tekan capek fisik capek mental capek banget kerja kerja jahat ganti karir nyonya nyonya nyonya,Netral
tegur sentap kerja jahat cari nafas keluh sedih bengang stres rungut ketul,Negatif
sakit kerja jahat sakit kerja tahan menang rumah muak banget menang mati kali,Negatif
kerja jahat hilang masuk manajer kasih saran biar obrol pegawai sapa saran bilang peduli kemarin teman teman kerja,Negatif
magang jahat kerja maksud alam kerja bidang stres kena mental stres depresi,Negatif
lelaki jahat sepah kerja liar lelaki rumah tangga jahat bincang laki bini bawa masuk kerja,Negatif
kerja cari kerja kerja jahat gaji jahat tahan,Negatif
senin ketemu jahat drama kerja lingkung gaji sesuai masuk akal amin,Negatif
nyata lingkung kerja jahat banget,Negatif
kalah kerja jahat pelit kerja pelit jahat korupsi senior kerja bocah,Negatif
cari kerja kerja sistem lingkung lumayan jahat gaji telat,Negatif
teman kerja kayak cepat kerja takut kerja jahat ling kerja nyaman,Negatif
sedih menang pisah kerja jahat parah nyaman bismillah panggil slot kosong,Negatif
allah tolong orang orang jahat kerja,Negatif
saran mending kerja jahat kuat,Negatif
kerja jahat gaji adem ayem gaji,Negatif
susah kerja jahat pengin renti butuh duit,Negatif
allah moga kerja lingkung nyaman jahat kerja amin tolong mudah allah,Positif
kucil keluarga kerja jahat tipu rekan kerja putus juang fokus resin,Negatif
bantu kerja jahat banget banget salah salah sepenuh dinamika partner bikin enek perut banget gara sayang uang,Negatif
kerja gara-gara kerja jahat cari muka teman kerja kerja kayak kayak,Negatif
hati badminton kasihan kerja jahat laku suka enak nyaman bikin suka biar jebak main,Negatif
sadar lingkung kerja jahat jalan,Negatif
kawan orang kerja limit orang jahat kawan langsung kawan kerja,Negatif
cewek jahat katai rekan kerja balas kerja loker wajar abai orang kayak,Negatif
bingung banget pilih jahat kerja,Negatif
guru sertifikasi ajar rebut akibat suasana kerja jahat,Negatif
jahat banget kerja,Netral
semenjak kerja jahat gampang sakit,Negatif
staff jahat kerja stres,Negatif
umur lulus kerja cari kerja jahat kerja umur lulus lihat cari gaji jakarta,Negatif
kultur rumah sakit seringkali lebar relasi dokter awat bidan apoteker runyam dokter dokter apoteker resep obat cocok,Negatif
jemput teman jahat minus kerja pagi malam lingkung palugada sesuai porsi,Negatif
jahat,Negatif
sabar kerja jahat,Netral
aduh kocak banget ketawa kantor kerja seru maaf trauma kerja jahat habis,Netral
kerja jahat bang pandai,Negatif
kali lingkung kerja jahat surat,Negatif
bilang jahat omong doang gampang orang rasai moga rasai lingkung kerja jahat kontrak kerja besok makan,Negatif
bodo anjir bolos dasar kerja jahat sono mending,Negatif
kasihan kantor jahat term tenaga kerja kantor salah jaga kantor nilai kantor jujur,Negatif
kuna jahat kuna,Negatif
cina jahat kerja orang kerja takut jahat rana takut kerja jahat orang muda,Negatif
paksa masuk kerja pagi pulang malam buta hukum telat balas pesan menit paksa lepas alat kena sakit paksa kerja tidur kaki tangan hilang,Negatif
jahat kwanza jahat bana,Negatif
