teks,label_klaster
pandemik bayar gaji selesa relaks fikir henti henti pandemik benda henti,0
gaji cepat,0
pilih salah harga level tutup bawa gerbong rombong manjur pakai,0
bangun pagi semangat pergi tepu rutin gain mati situ gaji timpal,0
alas jahat banget arah visi jahat bungkus alas cari hasil,3
lompat mesti benda bagus sesuai gaji baca,0
enak ajar tumbuh serve pulang gaji pikir robot,0
ubah mentalitas malu telat wajib acara kantor urus pribadi debat manusia salah,0
cowok umur bumn gaji pegawai pilih swasta gaji pegawai kontrak coba cpns terima kasih alas,0
tukar perkara sedia gaji rendah pasal jawat kembang resume sedia tukar,2
alas gaji bijak marah anak buah pulang tani rumah,0
jamin aman terima sesuai lolos alam tinggal nyaman usaha enak,0
suka duka beban kolega gampang kabur kerikil permisif cari jahat salah ambil cuti salah,3
alas benci pusat lingkung jahat,3
kadang alas lucu pengin libur tanggal merah jaman kuliah kaya logis banget,0
efek gaji tingkat suka usaha daya tawar orang langsung ganti bisnis gerak cepat alas,0
alas orang gaji harga harga,0
usaha kaca lahir sedia ruang laktasi busui fleksibel busui perah jelek karyawan kecuali lembur,0
kembang karir hasil sesuai harap faktur utama tahan perut hati otak,2
lihat jakarta gaji minat kecuali alas,0
efek gaji tingkat suka usaha daya tawar orang langsung ganti bisnis gerak cepat alas,0
karyawan bohong lamar arti nyaman tahan usaha usaha evaluasi sistem manajemen lihat elegan,0
alas kakak biar biar cepat nikah biar kayak bawa bareng biar hidup lepas jahat,0
dunia orang henti alas lelah gaji henti alas,0
alas motivasi rumah paksa laku jodoh gaji suka hidup sesuai nyaman gaji bonus,0
alas gaji jakarta gaji,0
pengin alas jarak jarak lumayan pengin rumah gaji rendah dilema,0
tukar perkara sedia gaji rendah pasal jawat kembang resume sedia tukar,2
alas salah gaji kontribusi uang keluarga alas terima sang direktur peduli keluarga peduli usaha pergi,0
benci banget kantor marah akal bikin mental tahan jahat sesal banget alhamdulillah,1
nekad jahat teman kantor suportif budak sistem kantor hancur hasil kesel uang kantor tolong,3
turun gaji alas rekan lingkung jahat banget bikin betah gaji turun lingkung alhamdulillah enak,0
curhat terima bidang gaji gaji ambil terima jakarta alas pengin gaji jenjang karir pengin alam,0
gaji alas pengin,0
alas mumpuni karier kontribusi kembang,2
teman manager pandemi tahan karyawan pikir karyawan rumah mending tutup gaji asih,0
stres situ fikir duit kalis jahat stres baca seronok,1
tiada gaji urus beban wang sehat rupa faktor henti,0
durasi usaha alas tingkat gaji bidang,0
alas urgen tawar jahat orang loyal terima usaha kutu loncat,0
alas klasik gaji miris kelar strata kompromi ilmu coba salah kali coba,0
bayar juta begadang tidur come,0
sayang mental lingkung jahat over lembur bayar urus kantor agustus januari tabung,1
harap coba kembang beda cari suasana tantang alam luas,2
loyalitas hasil sesuai tawar gaji bangun sulit kembang,2
kadang suka kesel omong duit nyokap kena anak doang anak laki hamil alas pengin kota biar jahat hidup,3
cari gaji alas super valid,0
ramai henti gaji harga kawan jahat beban repek kebaji abai,0
kantor bikin gaji cepat strategi jangka buah utas perspektif usaha hadap,0
jahat kantor,3
nyata orang lingkung jahat bayang parah cerita mbak nyata,3
kantor lembur bayar pulang malam buah budaya haram hukum pulang pabrik pulang karyawan pulang ganti,0
lompat lompat relatif stabil cetak badai reda asik goreng gaji kena,0
teman rsud jawa jawa alas gaji sesuai beban sulit dokter dikit perata dokter problem,0
barusan teman cerita usaha jepang jaman kali alas loyal kutu loncat problem,0
alas pengin kasih orang suruh orang selesai masuk gaji,0
ramai henti gaji harga kawan jahat beban,0
dunia kantor salah pecat hilang gaji hilang nyawa tugas gaji enak,0
tukar perkara sedia gaji rendah pasal jawat kembang resume sedia tukar,2
alas gaji orang gaji kembang lingkung sesal arti,2
undang sabtu kondisi alas alas gaji,0
telusur bayar lingkung jahat bagus paksa tahan keburu depresi anak orang,3
tingkat iring harap syarikat sistem gaji sesuai gaji,0
kena henti dorang stres peras ramai benda henti,1
alas negara rana ambil ilmu alam salur malaysia kejar gaji kejar faedah gaya hidup,0
tingkat iring harap syarikat sistem gaji sesuai gaji,0
tips salah jenis pilih kasih salah bosan salah gaji kena potong lepas,0
acapkali arah tulis surat utara alami ketidakpuasan hati hadap skop jadual bayar gaji janji turun pangkat,0
pikir kembang sehat pilih pilih,2
omong mama alas gaji emak auto ceramah takut enak lupa jodoh,0
september kemarin jahat kantor kantor senang banget banget banget menang,3
alas leluasa perintah agama gaji ubah,0
usaha minimal putus bilang kutu loncat alas jenjang karir fasilitas tara cari gaji,0
cerita orang pimpin cewek gaji digit kadang tembus uang bank alas masuk bank pakai gaji habis pegang suami info suami,0
pikir kayak orang wajar cari gaji bagus cari lingkung bagus alas orang malu pikir cetek,0
alas gaji,0
lupa alas alas gaji hapal,0
undang sabtu kondisi alas alas gaji,0
tawar sekolah posisi terima ajar sekolah kontrak kayak gaji pengin alas kepsek logis,0
alas bilang sesuai nyata utama kadang pagi malam pulang gila anak,0
salah pilih cari duit nyaman cari ajar alam muda saran cari jahat,3
salah alas utama orang kena gaji jenjang karir lingkung omong lingkung jelek bilang gaji jenjang karir usaha janji,0
wacana buah bibir sorot kerap pergok contoh,0
manfaat kondisi level karir usaha valid,0
tingkat iring harap syarikat sistem gaji sesuai gaji,0
tingkat iring harap syarikat sistem gaji sesuai gaji,0
kena tukar gaji kena lihat faktor peluang staf staf cuti kena angkut isteri angkut senarai,0
rumah cuti masuk staff jahat gaji komitmen takat,0
bikin rekening bohong alas gaji dikit kemarin,0
cewek pulang sore galak main sabtu masuk tanggal merah masuk jarak rumah kantor takut tanggap,0
lompat kenal kawan sorang lompat tukar tukar baju gaji,0
laksana patut kuat kuasa september tangguh cuti salin cuti minggu lepas raja putus pinda akta tangguh januari,0
putus gaji rendah ganti mental sehat tingkat stres kendali temu keluarga damping tumbuh kembang buah salah putus bijak hidup,1
staff bilang hati makan usaha coba cari susah jaman kayak dasar syukur entar,0
nyata lingkung jahat alas beliau cocok usaha fokus studi kontrak wajar hitung,3
jawat awam putus henti nasihat henti alas sayang jamin takut niaga,0
henti cikgu posting jalan kereta jalan laut sekolah cantik budaya santai,0
orang cocok nyaman jahat beda visi mudah bilang cicil kudu lunas butuh anggota keluarga semangat juang rupiah,3
drop alas jahat jahat drop etis versi terima kasih,3
ramai cakap zone gain basic bosan contoh pasal gaji pasal suka takut,0
gatal gatal cakap benda buruk pasal majikan cakap buruk pasal cakap pasal jahat jatuh cinta,3
gaji turun ribu alas betah,0
cewek gaji gaji turun persen alas putus,0
rekan gaji digit digit jabat rendah kontrak alas start stabil,0
terima kasih tawar salah alas minimal gaji tawar buka diskus moga timbang terima kasih,0
allah alas pengin salah pengin banget tetangga jahat moga cepat,3
pengin alas gaji cuman lepas lingkung pikir,0
teman kantor utama cewek coba salah sender sender suka sebentar tinggal uang asuransi jamin cela,0
wajib alas gaji spekulasi jamin nyaman mending,0
bangun kantor masuk bangun keburu sarap kantor salah alas masuk posisi eksklusif,0
pengin alas kuat gaji jemput susah motor gampang susah gaji susah,0
karyawan pola pikir maaf rumah kapai daftar rumah kemarin terima gaji,0
halo sender kantor alhamdulillah langsung gaji kantor menang hasil,0
alas alas jahat rangkap,0
coba minimarket bang warnet kafe toko baju toko daging motel libur cuman tidur alas uang,0
guru gaji administrasi murid nakal wali murid rekan guru jahat,0
korban gaji juta paksa hidup gaji juta paksa cari laki suruh gaji,0
paksa modern bebas undur tunggu anggap tahan usaha wajib asih makan siang lembur minggu kasih kompensasi libur atur negeri manusiawi banding atur,0
cewek gaji aneh usaha salah over kasih gaji biar pikir capek ajar,0
cewek gaji putus libur gaji juta jujur badan toleransi,0
sayang jahat sedih,3
alas henti kembang bosan cari hobi bikin kembang bikin semangat,2
kantor bagus banget enak kompak jahat gaji seret karir kembang situ alas teman enak cari kayak,2
banget teman pilih dagang cilok alas bilang fleksibel mudah ibadah hasil gaji dagang,0
kemarin pusing pikir salah alas tolak tawar gaji,0
mama menang kangen adik bungsu qatar lulus bandung orang kasihan capek pulang tarik nafas gaji,0
alas bikin gaji jahat sesuai minat bahas versi hasil riset,0
wajar tukar gaji loyal gaji tengok contoh situasi,0
sorang adik komen nama hakim nama bang malas pergi esok kali tengok muka suka harga awak gaji,0
salah ajar perkara gaji jahat peluang pangkat tukar,0
kadang timbang orang rela gaji faktor jarak keluarga tinggal anak lingkung,0
omong gaji orang ambis tarik bahas gaji alas gaji coba usaha,0
utama masuk gaji pakai orang indonesia indonesia gaji habis hidup,0
kantor kali alas kawan kantor jahat terima kantor kali mesti kaca jahat,3
ganti beda situ upah lembur gaji bpjs parkir bayar jarak tempuh ijin tunjang cair,0
ramai gaji harga kawan jahat susah situ repek kebaji abai jaga anak jaga sehat,0
alas obat bilang mantan rekan teman bilang mbak sepatu mall beliau manager region jateng mall,0
tolong resmi bank swasta lolos gaji moga putus karir riba,0
slogan sekolah kampung uang saku sekolah ajar riset tinggal sintas perempuan minggu lihat tangis sintas tahan dinamika henti salah,0
rumah kantor rekan ajar jalan doang tahan minggu habis alas niat susah,0
pulang malam subuh emak kasih alas cuman rumah rumah potensi malam,0
rasai orang orang betah lingkung jahat kemarin berkas berkas alas,3
suruh pulang selesai kantor tutup artikel alas,0
terima langsung suruh banget tunggu proses banget allah nama alas gaji habis catat nomor,0
salah ajar perkara gaji jahat peluang pangkat tukar,0
alas hutan belantara produk nama nipis madu gaji kota,0
alas tindak laku cari alam cari peluang sesuai tuju karir ahli kembang,2
gaji lipat sesuai usaha jenjang karir jakarta transportasi ongkos jahat rekan kayak doang,0
alas cari gaji nafkah,0
alas alas percaya alas melulu gaji alas,0
jakarta gaji tawar mutasi ponorogo gaji jakarta ponorogo murah ambil,0
alas teman jahat jahat bikin gila cari alas,3
kayak rame generalisasi baca sisi positif kutu loncat posisi gaji,0
rekan usaha alas posisi situ,0
stres cemas akibat tekan hidup pribadi lelah fisik mental paksa inspirasi lingkung rutinitas monoton perfeksionis alias fokus,1
undang jujur tolong kasih referensi alas over,0
alas kantor jahat kantor gaji sesal terima kasih,0
paksa masuk pagi pulang malam buta hukum telat balas pesan menit paksa lepas alat kena sakit paksa tidur kaki tangan hilang,0
rela alas usaha banget rumah gaji ongkos transpor rupiah sesal enak,0
putus lingkung nyaman jenjang karir gaji jenuh banget kayak karyawan nyokap tuju takut,0
dunia dunia atur urus tinggal ijin omong sakit lampir surat ijin orang asih gaji,0
alas cuman gaji,0
entar ketemu teman gaji pikir saran syukur alas gaji teman dewasa,0
teman gede gaji susah hidup kapai susah alas orang biar gaji rendah,0
teman henti alas guru senior murid bandel banget sekolah negeri buah kota beban sesuai gaji,0
kali lingkung jahat surat,3
alas biar kondisi kantor bikin jahat manusia ubah lingkung dukung kriminal timbang lihat jahat,3
lihat pilih gaji opsi lingkung nyaman jarak pilih milik timbang kena,0
arti tahan lingkung jahat faktor gaji tekan keluarga janji,3
jamin aman terima sesuai lolos alam tinggal nyaman usaha enak,0
pilih salah harga level tutup bawa gerbong rombong manjur pakai,0
alas jahat banget arah visi jahat bungkus alas cari hasil,3
kembang karir hasil sesuai harap faktur utama tahan perut hati otak,2
bismillah coba rangkum sederhana paham merger akuisisi sektor bisnis kecuali industri malu agens kembang,2
ubah mentalitas malu telat wajib acara kantor urus pribadi debat manusia salah,0
cabut manager peka karir kembang kompensasi belit kasi ajar apresiasi mentor kultur sehat ruang inovasi,2
efek gaji tingkat suka usaha daya tawar orang langsung ganti bisnis gerak cepat alas,0
efek gaji tingkat suka usaha daya tawar orang langsung ganti bisnis gerak cepat alas,0
karyawan bohong lamar arti nyaman tahan usaha usaha evaluasi sistem manajemen lihat elegan,0
usaha kaca lahir sedia ruang laktasi busui fleksibel busui perah jelek karyawan kecuali lembur,0
alas salah gaji kontribusi uang keluarga alas terima sang direktur peduli keluarga peduli usaha pergi,0
bangun pagi semangat pergi tepu rutin gain mati situ gaji timpal,0
durasi usaha alas tingkat gaji bidang,0
jaman bisnis identik milik keluarga indak butuh struktur organisasi detail iring ubah jaman buah usaha milik milik saham,0
teman manager pandemi tahan karyawan pikir karyawan rumah mending tutup gaji asih,0
usaha kemarin lulus sekolah henti alas gaji tempo ketemu,0
alas urgen tawar jahat orang loyal terima usaha kutu loncat,0
baca kontrak usaha asih denda selesai kontrak kompetitor jujur alas cari,0
akak teman orang usaha nutrisi usaha alas kali lipat mantap,0
enak banget banget bosan astaga indah bego banget salah usaha alas gaji digit nyata bayar tanggung sanggup,0
bilang gaji lumrah alas usaha,0
alas lingkung jahat lingkung bagus jahat bagus keteter rumah mahal over stres,1
harap coba kembang beda cari suasana tantang alam luas,2
gaji cepat usaha usaha syarat layak alas alas negatif,0
kantor bikin gaji cepat strategi jangka buah utas perspektif usaha hadap,0
jabodetabek wajar alias kutu loncat gaji daerah lapang batas rendah coba,0
lompat masuk masuk bonus kali tahan until,0
sesal suruh surabaya hidup jamin papa usaha rumah kendara bego banget pakai alas pisah teman suka yuda,0
lompat lompat relatif stabil cetak badai reda asik goreng gaji kena,0
salah alas suami gaji usaha sakit bpjs doang profit fasilitas alhamdulillah,0
barusan teman cerita usaha jepang jaman kali alas loyal kutu loncat problem,0
beban operasional usaha karyawan sesuai gaji biar beban operasional berat karyawan gaji ganti karyawan gaji,0
alas gaji wajar takut anggap loyal usaha anggap usaha gaji,0
usaha teman jamin capek nyaman alas orang,0
sejarah catat presiden sulit ekonomi negara utang potensi gusur warga lokal luas rusa kalimantan cenderung untung oligarki,0
telusur bayar lingkung jahat bagus paksa tahan keburu depresi anak orang,3
undur massal usaha pandemi kondisi usaha stres pelik karyawan putus salah usaha karyawan pandemi,0
tips salah jenis pilih kasih salah bosan salah gaji kena potong lepas,0
usaha ganti mesin laku alas manusia tangan usaha kembang semangat panjenengan,2
alas utama semester stop guru honorer usaha hidup kayak orang kayak gaji kadar makan enak uang orang,0
usaha erti bingung pakai alas keluarga kota kayak alas niat susah langsung gaji cair,0
gantung kantor usaha beda usaha usaha alas mutasi beda beda ubah gaji ubah,0
lulus kuliah usaha cantum alas gaji daerah lingkung jahat,0
pengin industri kembang coba perhati jual,2
usaha jenjang karir gaji alas cari gaji,0
alas gaji lingkung jahat syukur gaji segi kualifikasi kompetensi usaha sesuai kesel bilang kayak kesal,0
salah alas utama orang kena gaji jenjang karir lingkung omong lingkung jelek bilang gaji jenjang karir usaha janji,0
manfaat kondisi level karir usaha valid,0
cari uang banget usaha kasih gaji kasih tenang batin alas pandemi kena imbas erti,0
usaha alas utama gaji perkara usaha alas urus,0
uang edar salah alas inflasi mangkanya gaji salah inflasi mangkanya gaji pilih usaha,0
kena tukar gaji kena lihat faktor peluang staf staf cuti kena angkut isteri angkut senarai,0
alas usaha gaji karyawan alas,0
cakap pahit teruk kedekut gaji buruk contoh alas henti,0
alas lamar kembang peduli kembang lihat tenang lihat loyal pengin ganti penuh,2
ramai henti gaji harga kawan jahat beban repek kebaji abai,0
singkat dunia khusus anak atur pengin umur pendek anak teman belah rekan,0
cerita pecat karyawan tonton bingung lucu marah,0
nyata lingkung jahat alas beliau cocok usaha fokus studi kontrak wajar hitung,3
alas manual digital kudu harga negeri kurs murah digitalisasi pakai produk lokal jamin aman data usaha,0
dunia kembang arah revolusi industri hidup binatang libur tunjang santai minum sampanye restoran mewah,2
gatal gatal cakap benda buruk pasal majikan cakap buruk pasal cakap pasal jahat jatuh cinta,3
usaha lokal indonesia prinsip wajar batas usaha gaji beda maksimal usaha harga upaya,0
hidup realitas ekonomi buah usaha rugi gaji direksi potong tekan usaha rugi karyawan penuh kait rantai pasok,0
indonesia gaji lingkung jahat sadar,3
susah usaha israel pribadi umkm gaji minimal turun drastis pasu turun usaha israel tingkat pecah rumah,0
mentoring curhat kembang bantu,2
alas sadar gaji lingkung salah bocil matahari buta dunia mending pikir usaha cari nyaman,0
kontra tuju fokus alas usaha stabil gaji stabil,0
zaman almarhum papa salah bank alas birokrasi susah capai usaha minim,0
sender coba lamar lamar usaha mending alas gaji telat bayar kantor susah akses kendara,0
biar usaha alas gaji,0
saran mbak terima sangon ganti usaha alam pojok paksa klarifikasi jatuh nama bikin stres niat ambil,1
kontrak usaha gaji nyaman pengin alas,0
kantor bagus banget enak kompak jahat gaji seret karir kembang situ alas teman enak cari kayak,2
salah usaha bagus kantor salah asuransi kantor alas mulia gaji,0
manfaat buruh usaha hemat kali gaji orang alas upah minimum rendah,0
salah ajar perkara gaji jahat peluang pangkat tukar,0
paksa bayar gaji paksa laku usaha ganti rugi sisa kontrak wajib pasal ubah,0
kait kutu loncat manajemen loncat bikin gaji drastis baca kutu loncat rekomendasi kasih orang kandidat,0
awak tukar bidang salah bosan salah dengar gaji,0
salah ajar perkara gaji jahat peluang pangkat tukar,0
kadang nama paragon segani usaha mudah alas kasih tawar gaji lipat,0
kasir abdi usaha ujang alas ujang gaji bangladesh,0
usaha jelek bikin kembang doang proses ajeg capek jelek terima hikmah doang cari bagus,2
karakteristik loker indonesia subjektif pandang ijazah keras angkat tahan ijazah lingkung jahat tahan usaha suka orang cepat alas laku urus jual laku,3
pegang divisi tahan cuman alas kembang ilmu karir terima jepang usaha,2
kandidat lamar alas taraf hidup gaji lihat gaji juta usaha harap gaji,0
penasaran kandidat usaha alas utama gaji mentok kasih ruang mentok seru,0
uang usaha bawa kabur mantan manajer uang sisi manajer uang bawa kabur gaji bayar uang usaha buruk uang usaha buruk suka ambil uang usaha urus pribadi,0
stres cemas akibat tekan hidup pribadi lelah fisik mental paksa inspirasi lingkung rutinitas monoton perfeksionis alias fokus,1
putus duga bikin uang buruk apartemen cicil beban usaha salah kelola bisnis bayar apartemen gaji suka tarik uang,0
gara-gara alas gaji bonus usaha gaji sesal,0
kayak rame generalisasi baca sisi positif kutu loncat posisi gaji,0
rekan usaha alas posisi situ,0
arti alas kuat gaji bumn lihat gaji timbang masuk usaha bingung pakai terima kasih,0
rela alas usaha banget rumah gaji ongkos transpor rupiah sesal enak,0
alas tindak laku cari alam cari peluang sesuai tuju karir ahli kembang,2
kali sadar orang orang tolol jahat usaha alas tahan slip,3
alas terang alternatif lingkung jahat cari lingkung dukung kembang tumbuh kembang profesional,2
masuk muncul paksa gugat kayak insentif gaji bayar janji kasih,0
plan mental kali jahat titik,1
efek gaji tingkat suka usaha daya tawar orang langsung ganti bisnis gerak cepat alas,0
mesti sorang stres jahat gaji sikit orang,1
kudap wajib lembur traktir,0
alas jahat lingkung jahat tinggal toleransi,3
real alas teman bikin emosi malas jarang gaji uang makan jalan,0
alas kembang kontrak pakai bilang,2
alas gaji berat pengin rambut,0
rekan wanita alas program hamil anak banget jago desain,0
alas gaji nyaman lingkung teman kalimat indah kepsek,0
cari susah pandemi beban banget depresi samping gaji keluarga bilang sakit biar alas libur,0
alas cari kasih gaji auto sesal tinggal sesal,0
anak jaman bosan alas karir teman cuan gede,0
minggu pengin betah lingkung bingung alas,0
alas capek alas utama nyaman orang nyaman alas orang jahat jahat orang pacar,3
tahap lampau stres mesti kadang tahan jenis paruh jalan kadang gaji bayar komitmen moga sabar rezeki milik allah,1
tetangga kantor alas capek jahat kepala rehat capek jalan,3
alas jahat banget arah visi jahat bungkus alas cari hasil,3
mama sakit salah banget kaya hambat tuju hidup mama alas beliau salah sakit akibat urus pusing stres pikir banget kaya beban orang rumah,1
keren karyawan papa hamil cerita rumah alas kuat kantor papa kasih bijak gaji cuti lahir gaji papa kasih habis cuti lahir,0
slip gaji gaji sisa situ tulis hitung bayar potong arti hitung,0
utama alas gaji rekan laku kayak tahi,0
kudu rabi alas suami lembur rabi solusi,0
jujur alas jahat alas capek orang modal lurah riwayat hidup,3
teman gaji lumayan alas lingkung cari coba pengin,0
alas turun lapang kadang malam lepas gaji pulang malam gaji standar keluh astagfirullah,0
teman angkat alas sedih bikin menang rekan teman angkat sedih,0
tolong kasih alas cocok kosmetik mall capek banget,0
sampah staff acah masuk alas gaji berkat kena,0
benci banget kantor marah akal bikin mental tahan jahat sesal banget alhamdulillah,1
usaha kaca lahir sedia ruang laktasi busui fleksibel busui perah jelek karyawan kecuali lembur,0
sehat mental miskin duit miskin mental,1
alas malas pulkam ketemu tante kakak sepupu pokok anggota keluarga bagus kemarin lihat susah pandemi sabar sabar,0
suka duka beban kolega gampang kabur kerikil permisif cari jahat salah ambil cuti salah,3
manager pecat nyata busuk kirim lebay gaji tarik usaha,0
bidang minat suka pergi menang ambil putus henti tawar bonus,0
jujur dengar orang alas bosan lingkung gaji pengin lempar,0
jahat rubah darah daging pilih,3
efek gaji tingkat suka usaha daya tawar orang langsung ganti bisnis gerak cepat alas,0
alas kawan tawar loker mundur gaji pokok pagi pulang malam lembur partner jahat parah wajar,0
mbak alam mending mundur sehat mental gaji pangkat hancur mental bikin hancur tuju gaji mental,1
tiada gaji urus beban wang sehat rupa faktor henti,0
utama alas gaji rekan laku kayak tahi,0
nekad jahat teman kantor suportif budak sistem kantor hancur hasil kesel uang kantor tolong,3
alas jarak gaji,0
alas palsu alas asli gaji banding banget sistem jahat,0
wawancara usaha alas finansial gaji etis,0
lembur mesti rawat rumkit lelah kronis tipes teman bawa suka turun jabat sakit pilih auto kelimpungan,0
lolos rekan alas jujur butuh saran terima kasih,0
alas keren capek gaji,0
alas gaji sesuai cepat posisi,0
rencana gaji signifikan beban lembur bayar alas jelek usaha,0
sayang mental lingkung jahat over lembur bayar urus kantor agustus januari tabung,1
gaji bonus kuat tinggal cari habis situ jerih payah usaha pandang belah mata,0
alas salah gaji kontribusi uang keluarga alas terima sang direktur peduli keluarga peduli usaha pergi,0
lambat insentif gaji pegawai utama nakes paksa,0
stres lepas tengok nyawa sikit cakap hadap hadap paksa,1
teman manager pandemi tahan karyawan pikir karyawan rumah mending tutup gaji asih,0
suasana kantor enak jahat rekan tahan butuh duit pahit,3
usaha capek gaji besok masuk langsung gaji,0
stres situ fikir duit kalis jahat stres baca seronok,1
nyaman banget cocok lingkung gaji putus korea niat libur cari korona dasar menang,0
alas lingkung jahat lingkung bagus jahat bagus keteter rumah mahal over stres,1
jaman pakai alas mental adaptasi lingkung inti lingkung paham,1
bayar juta begadang tidur come,0
mbak rasai posisi capek capek capek lingkung jahat banget kontrak pinalti uang keluarga orang sayang,3
bagus jahat mudah cakap,3
orang lingkung jahat kayak langkah percaya enak alam pribadi,3
ambil kena kantor alas kantor lingkung jahat gaji alokasi uang tahan kenal putus pilih,0
minggu sombong gara-gara sarjana lulus coba bangun komunikasi jelek teman cepu bodo sehat jiwa kayak robot,0
auto kafir shalat jumat barista restoran jepang mall tempel hotel mewah shalat jumat makan siang tinggal meja lantar,0
kadang orang luah stres penat syukur ramai kadang luah pakai,1
sebel orang selesai potensi ketemu orang sikap hadap ajar kembang interpersonal,2
kaget banget mantan senior salah gara orang jahat banget marah suka grup situ intern grafis,3
teman rsud jawa jawa alas gaji sesuai beban sulit dokter dikit perata dokter problem,0
indra orang alas kena lingkung jahat rendah orang heran banget lambe,3
ramai henti gaji harga kawan jahat beban repek kebaji abai,0
cakap surat tempoh moga bantu,0
alas kasih kagak lembur tugas manager,0
nyata orang lingkung jahat bayang parah cerita mbak nyata,3
istirahat duduk komputer kuat tahan lapar pusing takut orang,3
jahat kantor,3
alas usaha rekan,0
prediksi tutup pecat total alas zona nyaman tolak lembur revolusi,0
habis gaji,0
karyawan gaji gaji gaji bikin resah paket jahat ganti lingkung asik,0
ramai henti gaji harga kawan jahat beban repek kebaji abai,0
gaji gaji gaji nilai bayar,0
jumpa jahat,3
masak kasir tamu gaji juta duduk sebentar istirahat manja,0
alas gaji banding beban,0
solusi hadap lingkung jahat solusi cari bagus cari lingkung cocok gampang bekal,3
pengin alas gaji duit gilir susah bayar,0
gaji partner jahat masuk akal alas partner enak,0
gaji alas orang pribadi julid dendam bingung,0
undang sabtu kondisi alas alas gaji,0
alas cocok staf kontrak bilang alas alas peluang,0
lingkung gaji jenis alas biar terima,0
alas susah target gaji minim jujur usaha lamar,0
pengin alas teman kantor jahat serba salah,3
pergi gaji karut ungkit jahat,0
kayak alas rekan suportif,0
ramai henti gaji harga kawan jahat beban,0
paksa gaji bayar,0
alas masuk akal kadang tuntut loyalitas hitung lembur,0
gaji gaji pakai,0
salah alas kantor lingkung jahat sakit mental bahan guyon divisi kantor ning suruh pakai bolpoin mata diam,3
september kemarin jahat kantor kantor senang banget banget banget menang,3
tidur total laku stop bilang pengin alas capek,0
alas mental buruk kena penalti surat terang dokter rehat penalti banget juta banget balas,0
alas tawar gaji kultur koneksi potensi kembang potensi laku alas orang betah,2
tingkat iring harap syarikat sistem gaji sesuai gaji,0
telusur bayar lingkung jahat bagus paksa tahan keburu depresi anak orang,3
alas masuk akal kadang tuntut loyalitas hitung lembur,0
problem kena tolak gaji maki allah plan alhamdulillah,0
salah kuasa otak soak karyawan negosiasi gaji mandiri jejak nilai nilai tawar jual,0
alas jujur target gaji terima tawar kuat alas usaha mending kayak,0
cewek gaji jakarta gaji juta dapur listrik gaji juta alas bosan,0
kena henti dorang stres peras ramai benda henti,1
cowok malas posisi jabat berat pilih alas pusing kayak malas gaji,0
gaji alas orang pribadi julid dendam bingung,0
cewek saran alas lingkung jahat beban bikin kuat terima,3
libur gaji tunggu juta cari penjara kayak orang,0
alam maksud kutu loncat alas usaha kantor gulung tikar alas kantor cocok gaji,0
buka negoisasi gaji laku usaha bilang gaji usaha erti,0
tingkat iring harap syarikat sistem gaji sesuai gaji,0
gejolak hati pikir butuh duit tahan stres mental utama dana darurat beban keluarga cari mudah,1
acapkali arah tulis surat utara alami ketidakpuasan hati hadap skop jadual bayar gaji janji turun pangkat,0
inti nyaman lingkung laku beda rekan hasil tekan,3
mental hadap subang jaya jalan kebun badan letih anak anak layan hara sepah depa hadap cari,1
tingkat iring harap syarikat sistem gaji sesuai gaji,0
minggu lancar kantor enak banget gaji jarak moga putus,0
tingkat iring harap syarikat sistem gaji sesuai gaji,0
contoh surat bahasa bahasa melayu kawan kawan,0
jawat awam putus henti nasihat henti alas sayang jamin takut niaga,0
jaman konten alas personal banget publik kecuali rawan,0
nyata lingkung jahat alas beliau cocok usaha fokus studi kontrak wajar hitung,3
putus gaji rendah ganti mental sehat tingkat stres kendali temu keluarga damping tumbuh kembang buah salah putus bijak hidup,1
staff bilang hati makan usaha coba cari susah jaman kayak dasar syukur entar,0
ramai cakap zone gain basic bosan contoh pasal gaji pasal suka takut,0
gaji orang kena orang wajib bayar gaji,0
cakap pahit teruk kedekut gaji buruk contoh alas henti,0
cewek surat kasar lembur bayar bonus juta mending ikhlas tagih,0
alas lamar kembang peduli kembang lihat tenang lihat loyal pengin ganti penuh,2
orang luah stres penat syukur ramai kadang kadang luah pakai,1
capek banget orang jahat salah alas pengin cepat,3
putus cowok kenal kemarin hidup niat kembang alas nyata,2
orang cocok nyaman jahat beda visi mudah bilang cicil kudu lunas butuh anggota keluarga semangat juang rupiah,3
siang obrol teman alas alas tahan mbak kantor ajar kantor relasi batas rekan,0
karyawan habis susah beritahu alas habis bentak cari kembang,2
ramai henti gaji harga kawan jahat beban repek kebaji abai,0
orang perihal teman kantor jahat tinggal nyata gampang ketemu sindir stres banget anjir stres,1
tanda patut stres lampau mental mahal gaji keliling orang jahat kaki jilat gaji kedekut,1
nyokap alas percaya minum tidur sakit kepala bikin stres selesai cerita,1
prambanan jujur plan alas lembur pengin gaji potong bpjs,0
aman bilang alas cocok lingkung alas jujur gaji gaji,0
bilang kesan klise banget alas anggap adek anggap adek doang,0
genap jahat habis modal modal modal duduk sesak,3
hantar surat start orang dengar majikan koyak jahat,3
habis tolak alas nasib omset cabang pegang sender capek banget cabang penuh orang jahat gaji pokok sender omset,0
semangat anak lingkung jahat alas,3
coba lihat pesan situ uang cerita usaha,0
sebel gaji telat sebel lihat karyawan gaji telat pakai alas enak telat ambil cuti atur,0
minggu tuan putri labu bikin salah alas daerah blok,0
alas lingkung jahat bilang lingkung maksud bohong,3
henti syarikat gaji salah sesuai sekira,0
masuk galau tinggal anak lihat orang orang banget lihat kembang anak menang lihat moga paham alas,2
karyawan pola pikir maaf rumah kapai daftar rumah kemarin terima gaji,0
pengin butuh uang alas capek anak jaman,0
konon pakai alas lepas gaji pangkat manager suruh masuk alas,0
istirahat rupa rupa istirahat bebas pakai kapai langgar hukum atur internal usaha bayar sangon,0
alas salah tidur beranta gaji minus potong,0
tipe masuk alas lingkung jahat,3
gaji alas enak,0
kawan budak gaji alas kursus pergi kursus kepala,0
marah kecewa pasang kuat lamar terima tolak gaji terima gaji,0
alas usaha sabtu cari senin jumat,0
gaji ambil tawar alas kontrak pinalti,0
halo sender kantor alhamdulillah langsung gaji kantor menang hasil,0
karyawan habis gaji henti kali karyawan alas klasik salah,0
halo kontrak izin alas lingkung jahat ganti bagus,3
cewek gaji nekat ganti fase capek banget gaji juta,0
paksa modern bebas undur tunggu anggap tahan usaha wajib asih makan siang lembur minggu kasih kompensasi libur atur negeri manusiawi banding atur,0
kantor bagus banget enak kompak jahat gaji seret karir kembang situ alas teman enak cari kayak,2
kakak sender banget gaji slip gaji potong jamsostek saldo kantor bilang arti bpjs gaji kakak sender sedih banget,0
lingkung enak gaji sedih banget paksa gaji butuh,0
gaji telat telat,0
guru gaji administrasi murid nakal wali murid rekan guru jahat,0
cewek gaji putus libur gaji juta jujur badan toleransi,0
alas klasik lingkung jahat jahat gaji cari alas bohong jujur tahan gaji,0
sayang jahat sedih,3
gara-gara rekan jahat susah ajak kerjasama tingkat hati banget hubung jujur alas pakai alas,0
gaji gara-gara susah cuti libur ganggu syarat gaji cuti ganggu,0
wajar sedih alas utama lingkung jahat atur istirahat makan menit langsung salah mohon masuk,3
cari duit cari jenjang karir duit kayak sender alas normal gaji pikir tenang,0
tanda timbang kronis beranta lingkung rekan jahat kembang usaha jalan,2
alas bikin gaji jahat sesuai minat bahas versi hasil riset,0
tuju habis lulus cari gaji langsung minimal cari alam alas coba betah,0
usaha atur suka suka manager atur karyawan karyawan izin sakit dokter gaji desember,0
henti komitmen dana cemas utama komitmen alas fikir,0
coba alas pulang gaji tuntut rendah kayak,0
pilih tahan capek muak stres beban gaji timbang semangat peluk,1
orang gaji rendah orang teruk gaji gaji,0
orang terima tawar rana tawar bagus orang rana manusia bagus jahat jahat gaji,3
ramai gaji harga jahat beban repek kebaji abai,0
ganti beda situ upah lembur gaji bpjs parkir bayar jarak tempuh ijin tunjang cair,0
alas terang alternatif lingkung jahat cari lingkung dukung kembang tumbuh kembang profesional,2
capek alas jahat cari muka domba sadar kayak,3
mending mental aman cadang cari gaji mental jiwa raga tekan,1
april kemarin alas sepeda keliling indonesia timur barusan banget telpon kepala toko gaji masuk pesan selesai jalan,0
alas rencana gaji rencana cari minimal suka,0
rumah admin data dada gaji suruh lantai angkat jemur jaga bayi utama bilang mental lemah,0
rekan surabaya tawar alas keluarga,0
ramai gaji harga kawan jahat susah situ repek kebaji abai jaga anak jaga sehat,0
gedik gedik buka staff bayar alas bayar gaji minggu bayar staff suara hantar surat saman bodoh,0
orang kantor niat masuk alas sakit mending imbas kasihan sakit kena potong sakit kadang rekan jabat kayak sampah bawa virus banget,0
alas biar kondisi kantor bikin jahat manusia ubah lingkung dukung kriminal timbang lihat jahat,3
bilang alas kuliah alas kuliah gila rodi istirahat mending duduk komputer,0
maaf bingung alas gaji sesuai bingung pikir alas saran alas,0
alas jahat milik jaga profesionalisme positif bicara kembang ajar cari tantang,2
malas gila gila alas pakai stres,1
terima langsung suruh banget tunggu proses banget allah nama alas gaji habis catat nomor,0
tabiat usaha kali alas bagus gaji omong jelek jelek usaha,0
alas masuk akal jaman,0
alas gaji mantap fleksibel inti uang mantap,0
alas kuliah,0
alas rekan rekan bocor alias suka,0
lingkung jahat entar alas gara-gara karyawan lebar,3
jahat banget teman gaji alas penuh fakta lapang maksimal pulang gila gaji minim sulit,0
tolong resmi bank swasta lolos gaji moga putus karir riba,0
kantor kali alas kawan kantor jahat terima kantor kali mesti kaca jahat,3
gaji banget biar jomplang rasai gaji kabur,0
alas terima kantor kantor telat bayar gaji kantor ganti sulit kasih alas situ kembang,2
cewek lingkung jahat kaya manusia kayak gaji salah bahasa binatang pusing cewek aduh putus,0
tetiba alas mesti jaga cucu anak terima banget hitung gaji suami bilang gaji penuh bersih untung suami hilang,0
banget coba kenal alam alas terima cerita alam capai alas,0
alas jahat uang lembur kena potong tanggal merah kena potong,0
niat ijin gaji alas capek kasih fasilitas kamar bobo alas asli ipar nafkah masak alas,0
alas tindak laku cari alam cari peluang sesuai tuju karir ahli kembang,2
cari ganti kaya usaha cari orang gaji kadang uang makan tunjang gaji,0
alas usaha bilang usaha bohong usaha gaji alam,0
undang jujur tolong kasih referensi alas over,0
cewek gaji gaji gaji tara anak langsung,0
cewek gaji alas gaji butuh apresiasi tugas undang seleksi,0
putus lingkung nyaman jenjang karir gaji jenuh banget kayak karyawan nyokap tuju takut,0
habis kontrak gaji mudah percaya gaji bentuk tulis kontrak ikat,0
kembang modal kota ambil alas visa negara,2
arti tahan lingkung jahat faktor gaji tekan keluarga janji,3
konten kreator guru alas lingkung jahat nyata lingkung jahat akibat ulah,3
pandemik bayar gaji selesa relaks fikir henti henti pandemik benda henti,0
gaji cepat,0
pilih salah harga level tutup bawa gerbong rombong manjur pakai,0
jamin aman terima sesuai lolos alam tinggal nyaman usaha enak,0
lompat mesti benda bagus sesuai gaji baca,0
arti enak pikir ayam sayur sesuai koridor kantor,0
enak ajar tumbuh serve pulang gaji pikir robot,0
ubah mentalitas malu telat wajib acara kantor urus pribadi debat manusia salah,0
bangun pagi semangat pergi tepu rutin gain mati situ gaji timpal,0
standar gaji gaji pintar,0
tukar perkara sedia gaji rendah pasal jawat kembang resume sedia tukar,2
efek gaji tingkat suka usaha daya tawar orang langsung ganti bisnis gerak cepat alas,0
kembang karir hasil sesuai harap faktur utama tahan perut hati otak,2
efek gaji tingkat suka usaha daya tawar orang langsung ganti bisnis gerak cepat alas,0
negatif marah malas pergi teruk kaki bawang kipas gaji kaki bawang ubah perangai orang,0
hubung artikel rencana asih lindung karyawan hubung komunikasi sehat mental,1
alas urgen tawar jahat orang loyal terima usaha kutu loncat,0
kenal start kondisi mental pengaruh fisik kena parah rawat inap operasi putus gaji alas pengin hidup mbak,0
tukar perkara sedia gaji rendah pasal jawat kembang resume sedia tukar,2
nyata posisi gambar kursi pengaruh banget semenjak meja kasur jatuh kayak leseh ganti kursi sakit pinggang,0
dosa banget tali silaturahmi teman jahat bawa pengaruh buruk putus kontak,3
tiada gaji urus beban wang sehat rupa faktor henti,0
stres situ fikir duit kalis jahat stres baca seronok,1
rekomendasi managemen pasar salah bidang milik pengaruh usaha rekan kasih,0
loyalitas hasil sesuai tawar gaji bangun sulit kembang,2
bang jakarta bogor kantor kondisi jakarta bikin stres banget beda tinggal kantor kantor tinggal pengaruh,1
alas lingkung jahat lingkung bagus jahat bagus keteter rumah mahal over stres,1
ganggu jabat hormat rehat komunikasi tempoh akta sekira majikan bayar,0
peran milik andil karyawan latar kuat orang gaji gain koneksi bikin kena sasar,0
pinda akta september cuti salin cuti kena ambil,0
cipta omnibus jalan capai oktober tingkat tajam omnibus sejati cipta negara oligarki mudah sangon upah murah privatisasi hubung buruh,0
ramai henti gaji harga kawan jahat beban repek kebaji abai,0
jahat kantor,3
jurnal riset korelasi jarak tempuh tingkat stres pegawai hasil korelasi positif komuter rentan hadap stres psikis,1
kantor bikin gaji cepat strategi jangka buah utas perspektif usaha hadap,0
gaji bawa pulang gaji doang anak muda rugi usaha bawa pulang monitor inventaris kantor biar untung,0
minggu september pinda akta kenal atur fleksibel mohon rumah situasi desak,0
kantor lembur bayar pulang malam buah budaya haram hukum pulang pabrik pulang karyawan pulang ganti,0
jabodetabek wajar alias kutu loncat gaji daerah lapang batas rendah coba,0
orang suka banget zona nyaman perihal cari nyaman gaji butuh lingkung suruh cari tolong kasih paham,0
lompat lompat relatif stabil cetak badai reda asik goreng gaji kena,0
ramai henti gaji harga kawan jahat beban repek kebaji abai,0
kuat kuasa pinda akta tangguh januari ubah akta kena kait cuti salin gaji jangka laksana september,0
dunia kantor salah pecat hilang gaji hilang nyawa tugas gaji enak,0
jahat masuk akal rela begadang libur saing rekan kasihan efektif sesuai lihat malas,3
amit usaha nyata jahat lihat dampak performa efek sakit igau tidur pikir negatif kompromi sehat nomor,3
wajar arsenal arsenal main pengaruh latih uang transfer gaji salah latih medioker,0
salah pilih cari duit nyaman cari ajar alam muda saran cari jahat,3
skala luas bukti beranta pengaruh buruk performa making profesi taruh nyawa jaman tidur bodoh egois,0
pusat ekonomi maju ekonomi raya cemar stres jimat syarikat staff jimat,1
transfer transfer stres,1
pikir kembang sehat pilih pilih,2
cewek pulang sore galak main sabtu masuk tanggal merah masuk jarak rumah kantor takut tanggap,0
stres perangai jahat salah punca henti mental ganggu,1
lingkung pengaruh harap cari alam gaji lingkung jahat omong lingkung cibir,3
stres,1
laksana patut kuat kuasa september tangguh cuti salin cuti minggu lepas raja putus pinda akta tangguh januari,0
wacana buah bibir sorot kerap pergok contoh,0
kantor pulang cepat kayak pulang gila banget bayang pulang jalan jakarta macet parah buka telat buka jalan rumah hebat banget kantor kayak,0
kena tukar gaji kena lihat faktor peluang staf staf cuti kena angkut isteri angkut senarai,0
kaji gembira stres stres ganggu,1
lompat kenal kawan sorang lompat tukar tukar baju gaji,0
putus gaji rendah ganti mental sehat tingkat stres kendali temu keluarga damping tumbuh kembang buah salah putus bijak hidup,1
nyata lingkung jahat alas beliau cocok usaha fokus studi kontrak wajar hitung,3
padang jawa,0
ramai cakap zone gain basic bosan contoh pasal gaji pasal suka takut,0
jawat awam putus henti nasihat henti alas sayang jamin takut niaga,0
cerita pecat karyawan tonton bingung lucu marah,0
orang perihal teman kantor jahat tinggal nyata gampang ketemu sindir stres banget anjir stres,1
masuk gaji orang were,0
ramai henti gaji harga kawan jahat beban repek kebaji abai,0
habis tolak alas nasib omset cabang pegang sender capek banget cabang penuh orang jahat gaji pokok sender omset,0
paham jamin gaji pangkat kena lompat,0
halo sender kantor alhamdulillah langsung gaji kantor menang hasil,0
usaha lokal indonesia prinsip wajar batas usaha gaji beda maksimal usaha harga upaya,0
sayang jahat sedih,3
gaji pengaruh banget nyaman teman lumayan goyah pengin,0
stres stres kuasa singkat takut pecat salah hidup stres stres banget,1
cewek gaji aneh usaha salah over kasih gaji biar pikir capek ajar,0
usaha bilang cari bikin kembang buruk mending,2
cewek gaji slip gaji dampak gaji usaha gaji usaha slip gaji ubah pikir,0
paksa modern bebas undur tunggu anggap tahan usaha wajib asih makan siang lembur minggu kasih kompensasi libur atur negeri manusiawi banding atur,0
palu gaji orang alami akibat cemas depresi ganggu aspek hidup pribadi bayang berat hidup,0
tukar gaji ramai tuju tukar kaya majikan sahaja kaya,0
tukar gaji ramai tuju tukar kaya majikan sahaja kaya,0
wajar tukar gaji loyal gaji tengok contoh situasi,0
buah syarikat rugi gaji minimum,0
kait kutu loncat manajemen loncat bikin gaji drastis baca kutu loncat rekomendasi kasih orang kandidat,0
usaha jahat julid salah anak bumn gaji sopan anak jaman,0
gaji gaji gaji,0
cuti ganti takut bilang alay rekan kantor ganti hubung orang kontak,0
utama masuk gaji pakai orang indonesia indonesia gaji habis hidup,0
jalan penat rumah,0
jakarta gaji tawar mutasi ponorogo gaji jakarta ponorogo murah ambil,0
salah ajar perkara gaji jahat peluang pangkat tukar,0
pergi jabat sahaja utama anak nikmat tukar ganti nikmat alhamdulillah,0
paksa masuk pagi pulang malam buta hukum telat balas pesan menit paksa lepas alat kena sakit paksa tidur kaki tangan hilang,0
kayak rame generalisasi baca sisi positif kutu loncat posisi gaji,0
hindar ubah hidup takut stres ubah takut hindar puas frustrasi,1
rela alas usaha banget rumah gaji ongkos transpor rupiah sesal enak,0
real jalan mesin karyawan jalan mesin karyawan tinggal orang arti karyawan pegang gaji,0
teman kakak rekrut posisi bikin gaji kakak nyata gaji beda kakak segi gaji fasilitas beda akomodasi tiket cuti tanggung usaha,0
lingkung sehat manusiawi kompeten lokasi jangkau transportasi publik rumah cuti cuti gaji over rendah amin,0
percaya percaya orang stres berat lingkung rekan jahat,1
geng mari cari tinggal jahat atus jawat kosong tinggal,3
jahat besok,3
jahat jalan hidup hasil,3
alas urgen tawar jahat orang loyal terima usaha kutu loncat,0
jahat stop bawang negatif stop dengar orang bawang takut bawang stop cari salah orang bantu,3
jahat rubah darah daging pilih,3
sangka lingkung jahat jatuh karya hidup puji melulu ujung sehat nyaman malas kembang mesti imbang,2
suka duka beban kolega gampang kabur kerikil permisif cari jahat salah ambil cuti salah,3
saban kantor toksik tongseng jahat ciri ciri,3
jahat stop bawang start negatif stop dengar orang bawang takut bawang stop cari salah orang bantu stop orang,3
jahat hubung kontrol pasang sulit dukung curiga kekang bohong terima keras fisik love,3
mesti sorang stres jahat gaji sikit orang,1
jahat bahaya jiwa bahaya pikir cepat hakim orang jahat ajar sadar hakim orang sadar kadang hakim cermin gulat batin,3
jahat hindar hubung jahat teman jahat moga hindar jahat,3
lihat orang jahat kapai korporat kantor dengar prinsip orang mental enak orang kayak orang kayak erti,3
orang lihat asil lihat ruang lingkup pribadi ruang lingkup kembang bayang ruang lingkup jahat maju pikir otak selesai,2
jahat,3
cari harga lingkung jahat parah zona khawatir gaji orang gaji orang rezeki,3
orang lulus potensi orang letak letak jahat jahat,3
bawang salah jahat jenis suka puak bawang benda asing orang,3
jahat benda orang cari salah kena kena hina benda alhamdulillah hidup tenang harap kekal kenal jahat,3
mending tahan lingkung jahat bentar lihat kayak kasihan lingkung jahat capek fisik mental,3
kawan sekolah jahat jumpa perangai orang nilai sentuh masuk kalut,3
jahat,3
cari makan situ periuk nasi suka tutup mulut jahat berat hidup gampang,3
jahat besok,3
capek banget ayah mama erti bilang anak anak jahat hati enak,3
susah cari kena teruk teruk penuh jahat kesah pendek teruk,3
asli jahat gosip main perang dingin petinggi kuasa salah manager main tulis bismillah tamat hormat,3
teman minggu kirim surat undur grup banget habis maki grup langsung kirim surat jahat banget suka maki karyawan grup,3
orang jahat omong suka bikin sakit jahat talk,3
lingkung jahat lingkung jahat jahat,3
ajar hindar kejar sisi buruk jahat malas rajin sisi buruk rajin istirahat korban sehat wajar,3
selamat semangat moga kabar bahagia juang tahan jahat semangat,3
takut banget utang bayar jahat banget aspek,3
orang tahan hidup lingkung jahat posisi gila,3
tanda jahat lupus bahan jahat,3
stres situ fikir duit kalis jahat stres baca seronok,1
susah jahat gila babi,3
psikolog jahat orang dampak buruk orang kategori jahat orang orang jahat,3
hadap jahat,3
malas banget jaman sekolah kuliah ketemu kelompok teman jahat ketemu teman gejala arah jahat biar sayang,3
gaji sesuai harap jahat gaji nyaman,0
kali rasai jahat banget,3
jahat kadang cari susah tabung harap hadap anak allah pengin teriak,3
sampah jahat situ,3
sinar jahat,3
jahat ekosistem keras kepala rugi mending cari laku aktivitas peluang jujur usaha pintu buka,0
pandang angkat kaki sakit badan orang cari salah suasana jahat angkat kaki,3
nama jahat niat untung butuh orang terima dukung balut,3
januari selesai teman enak manajer jahat banget laku payah,3
rasai jahat,3
jahat kama plan mental wiki sasa drip jahat pesa,3
jahat,3
manusia tahi level jahat,3
alhamdulillah sekian tahan jahat potong gaji hidup real,0
lepas henti alami tekan peringkat halau buang hidup penuh manusia jahat paksa,3
nekad jahat teman kantor suportif budak sistem kantor hancur hasil kesel uang kantor tolong,3
suka orang umbar jahat clear ungkit,3
coba jahat,3
bismillah allah lancar moga jahat,3
pilih tahan jahat tawar enak suka hidup,3
orang ajar situ omong jahat orang pikir positif situ omong jahat hidup hidup jalan ganggu,3
negatif marah malas pergi teruk kaki bawang kipas gaji kaki bawang ubah perangai orang,0
tuhan orang orang jahat,3
abih baran layan perangai jahat sorang,3
jahat petrol mimi supervisor kama mimi uniform,3
fikir gaji suasana jenis jahat jenis takboleh kerjasama orang kepala auto malas,0
tuju jatuh jahat jaman orang bangga sibuk tidur kayak langgeng jahat,3
anak anak kuliah magang jahat banget anjir ambis,3
bebas jahat,3
rugi tahan jahat orang kering,3
teman jahat,3
sangka jumpa orang jahat alhamdulillah tenang sikit,3
jahat nyata badan,3
sadar teman jahat,3
betah jahat,3
kena hadap jahat,3
semangat dikit enak teman jahat tinggal,3
lingkung jahat lihat hasil apresiasi,3
jahat jahat tahan rejeki kasih aset nyaman partner enak kayak keluarga aset nyaman ambil lemah,3
ubah sikap persepsi rekan jahat kejap butuh adaptasi sesuai paham ketimbang pusing fokus,3
kali langsung lingkung jahat minggu nyaman bilang langsung bawa surat,3
jaga sehat mental jahat rekan cari muka kopet auto debet gagas,1
jahat banget manajemen lingkung urang banget kayak berat renti sumpah capek banget mental mending,3
orang jahat mending mundur tahan lingkung sehat,3
jahat level,3
jahat pamit kasih,3
ketemu orang ambis jahat sekolah kampus coba,3
suasana kantor enak jahat rekan tahan butuh duit pahit,3
gaji digit rambut rontok bolak psikiater jahat bolak pabrik tidur fitnah teman katai orang,0
capek orang jahat keliling orang jahat,3
stres stres jahat,1
pengin jahat paksa tahan capek,3
bimbang jahat gaji masuk gaji,0
hasil jahat lega banget adaptasi lingkung bikin hela nafas,3
kali kali jahat jahat sepele tahi bikin,3
cowok lulus bagus rada jahat umur masuk,3
jahat grup grup muka suka teman,3
senang sesuai rasai jahat ketemu orang super enak banget kenal jahat ujung pilih rasai nyaman,3
jahat parah,3
sumpah jahat banget teman menang cerita,3
hilang sifat orang kenal selesai kayak habis kontrak kontak teman nyaman langsung jahat,3
lagu cocok manusia jahat sebal kesel,3
jahat jahat pilih kasih,3
nilai buah lingkung label jahat mesti introspeksi kali kali lihat salah orang orang emosi,3
bahaya banget saran grad kecuali jahat nama grad erti jahat kagak implisit omong jahat mudah identifikasi jarang,3
rumah jahat jahat,3
jahat bikin salah perhati kelar diam,3
baca pasal jahat bingo,3
jaman stres jahat minggu surabaya senin habis angkat koper start,1
semenjak jahat batas terima respon orang respon semangat bikin berat,3
orang jahat banget risih anjir kayak,3
petang malas jahat semangat pergi,3
tolong badan capek tidur jahat sungguh kesan jalan usia,3
pengin asih semangat jahat cari,3
mintak jahat,3
syukur banget jahat gaji masuk main gaji tanggal tanggal gaji kasi kasih gila kasih,0
hindar orang jahat orang jahat,3
lingkung jahat,3
pikir pikir orang orang jahat,3
henti lingkung sehat jahat moga tuhan yesus kasih cepat amin,3
habis talk sakit banget lihat mama tahan menang jahat parah banjir banget cerita mama derita situ,3
jahat manager senior lembur kontribusi efek bikin pengin lihat,3
alami gaji sikit kawan gaji kawan jahat,0
tengok orang ramai jahat jahat stres,1
alas lingkung jahat lingkung bagus jahat bagus keteter rumah mahal over stres,1
banget bukti betapa jahat korban jahat mati katai,3
cerita orang suka gunung komen gemar telat alias ketua kali sumpah jahat bikin bego wajar suka,3
tolong hormat orang orang bang faham orang orang korek pasal orang jahat,3
orang drama rasai lingkung jahat kayak betah,3
cerita pasal jahat cerita awak situ jahat tahan,3
jahat,3
bawa nama ganggu performa arti cocok musti cari lingkung sesuai lepas salah manusia bawa kolega jahat inti cocok jalan,3
penuh pasal jahat faham,3
laku suasana jahat orang kadang tuju,3
betapa jahat orang kelakar,3
jahat orang orang,3
kasih orang rumus serah percaya orang sentimen pribadi orang tanda jahat,3
jahat kembang orang,2
cakap sorang kutuk jahat bodoh orang staff jahat benci,3
seng lapang temu orang istilah lingkung jahat laku,3
izin betah jahat,3
kantor jahat suka deg-degan,3
paksa jahat bikin maju putus sedih,3
gaji lingkung enak nyaman gaji nyaman baca jahat,0
definisi jahat konteks sepakbola arsenal main beli tiket tonton arsenal arsenal jahat,3
admin gaji motor pakai operasional jahat kali berangkat menang patut saran,0
pikir jahat tunjang karir bingung cari susah pengin kabur banget asli tahan cari tinggal,3
duduk sorang adik duduk sepang start start sorang jahat,3
cari duit cari teman real artikel teman rekan,0
rang orang jahat kayak,3
urus mental sikit penat hadap orang jahat,1
pribadi orang jahat jahat hubung pacar jujur teman jahat jahat,3
lelaki sayang perempuan diam orang jahat percaya hati hitam jumpa syukur alhamdulillah,3
orang jahat fault sayang plus,3
orang mental anak jahat anugerah orang,1
orang lingkung jahat kayak langkah percaya enak alam pribadi,3
kayak jahat orang paham konsep wajib keluarga orang konservatif takut anak pulang malam anak didik kayak,3
jahat usaha cari layan emosi tahan situ talk awak bagus sentiasa,3
osis sekolah jahat banget pagi marah maki maki bina osis angkat sakit maag kambuh vertigo kambuh,3
jahat manusia,3
definisi jahat mati suruh masuk,3
oktober moga keluarga sehat ikhlas rela pergi lapang dada hadap moga orang jahat amin,3
jenis kuat kipas orang jahat,3
human sorang hidup email jahat,3
admin henti zaman hilang hilang akal gila jahat henti span sakit tinggal,0
hadap jahat jahat orang manusia sempurna jahat orang kawal minda negatif,3
bahaya hubung jahat sadar rendah arti minder gampang asli harga hubung jahat,3
tengok sumbang jahat baca habis pikir kejut,3
stres galas perangai setan orang henti rana stres orang jahat situ,1
laku racun guru sekolah hadap rekan nyinyir gadget pribadi bawa bantu kontra rekan bahas sekolah guru senior,0
jahat penat mental tanda jahat,1
kaget banget mantan senior salah gara orang jahat banget marah suka grup situ intern grafis,3
manajemen kantor super jahat orang kayak nilai valid,3
mulut perangai jahat orang henti jawat galas tuju,3
kena jahat institusi sahaja bidang kongsi,3
semangat abdi pamrih istilah jahat suka pakai kalimat tugas beban sumbangsih nkri penasaran khas kantor,3
jahat start orang,3
usaha nama rohmat orang jahat banget,3
bilang suara bagus jahat banget,3
senior lumayan jahat orang salah omong banget kayak dunia salah ciut kayak anak kucing takut salah orang,3
kongsi alam jahat hadap,3
rumah kawan jahat salah rezeki,3
baca ngeri nyata lingkung kantor cari alam uang teman bonus cerita jahat lingkung,3
cewek jahat halo alam jalan saran,3
jahat mental tahan gaji orang,1
alam kantor laptop,0
jahat bagus tanda sadar laku manipulasi kamus anak jaksel,3
nyata ambil gaji pulang urus jahat sebal,0
jahat lingkung salah momen bambang suka macet rumah suka basa basi omong kali orang langsung biar kicep,3
jahat kantor,3
pegawai bank lihat target penuh tekan galak senioritas rekan jahat lembur pengin,3
kantor lingkung jahat nama jujur suka takut kondisi kayak cari susah,3
jahat banget astaga,3
nyata orang lingkung jahat bayang parah cerita mbak nyata,3
makhluk jahat muka,3
benda kali peras peras asyik stres letih benda marah,1
jahat jahat,3
salah pilih cari duit nyaman cari ajar alam muda saran cari jahat,3
manager pakai jahat,3
salah tanda jahat status cuti,3
solusi hadap lingkung jahat solusi cari bagus cari lingkung cocok gampang bekal,3
jahat bahaya jiwa bahaya pikir cepat hakim orang jahat ajar sadar hakim orang sadar kadang hakim cermin gulat batin,3
cari jahat,3
jahat angkat kaki pergi angkat kaki pergi,3
jahat banget parah,3
lingkung jahat,3
kesel banget mbak bikin jahat sadar laku bikin nyaman,3
pilih lingkung kayak kantor lingkung suportif super jahat laku kondisi,3
ketemu orang orang jahat,3
lihat jahat,3
bismillah jahat,3
jahat banget anjing,3
seram banget nyata teman kantor jahat kantor langsung komen,3
jahat,3
jahat banget anjir,3
tolong jahat,3
jahat,3
banget hidup lingkung jahat,3
orang jahat,3
jahat cakap benda rumah,3
jahat,3
start selesa jahat,3
posisi anak proses suami bangun rumah jahat banget cari susah anak,3
jahat,3
minggat jahat,3
tendang biru tendang jahat tahan,3
senang kena jahat sedih duit hasil,3
jahat tahan,3
jahat banget kayak asem manis,3
lampau jahat penat,3
jahat cepat penat penat perangai manusia,3
bilang jahat jahat sender pengin introspeksi masuk enak bikin ribet asli,3
jahat titik capek hubung kembang alias situasi sisa tuduh kali ribut sayang egois dominasi hubung putus masuk,2
jahat jerat jahat kasih masuk tahan hubung hubung nyata,3
jahat,3
bantu bimbang banget jujur alas pengin nalar manusia,0
lingkung jahat alur bikin pengin tahan kesan sindir mari teman,3
kayak jahat bikin trauma banget takut bawa takut ulang,3
teman cerita cerita jahat jahat,3
jahat tahan bentar moga rejeki,3
jahat cari,3
sikap jahat lingkung pengaruh keluarga keluarga lingkung mental jahat jaga arus racun,3
moga sponsor lancar lingkung jahat amin,3
jahat moga lingkung jahat mata banget sisa cari lingkung,3
capek banget orang orang jahat,3
jahat,3
amit usaha nyata jahat lihat dampak performa efek sakit igau tidur pikir negatif kompromi sehat nomor,3
jahat,3
jahat,3
jahat banget,3
salah salah manusia jahat laku,3
mental kondisi jahat sesuai desk hancur orang keluarga orang posisi waras mental hidup keras tuhan,1
lingkung orang jahat lingkung rumah keluarga beliau turun dunia imbang hidup,3
mulut jahat senior buli junior jahat lari arab,3
ketemu orang orang lupa jahat,3
bayang dedikasi antri bpjs jahat level,3
pengin dilema orang orang capek jahat,3
jahat,3
jahat,3
jahat,3
biar anak magang banget salah dikit bilang baperan cerita kantor jahat banget kontrak,3
sumpah jahat banget pulang curhat info,3
jahat gaji rezeki,0
keluarga jahat pasang jahat jahat jahat orang,3
hidup lingkung jahat,3
lingkung jahat pelangi pengin banget sembuh lamar tolak pikir pasang kayak orang jahat jahat,3
jahat,3
jahat sabar jela fikir,3
keluh kesah utama jahat sadar lingkung jahat,3
suka uang jahat bodo ganti duli sesuai kontrak lingkung asyik gaji libur bagus paket,0
nyaman jahat pengin menang,3
kayak paruh stres menang sedih sakit stres skripsi putus cinta operasi usus buntu tinggal nenek tinggal stres jahat,1
penat kena hadap jahat,3
suka heran jahat tinggal bilang sulit,3
kuat bawa sebel jahat malas,3
bikin jahat person real ampun,3
bingung standar jahat orang saran maksud mental pasuk lembur biar sangon,1
keras binatang keras peras keras suruh jahat,3
jahat alhamdulillah,3
mesti jahat situ pikir kali,3
contoh hubung jahat cewek agens fandom profit bikin rugi utang agens induk kalah agens,3
curhat trauma gara-gara rekan jahat trauma efek besok percaya banget,3
lucu banget dukung cari bagus jahat banget semangat rekomendasi,3
telusur bayar lingkung jahat bagus paksa tahan keburu depresi anak orang,3
mental rusak banget jahat,1
kawan intern jumpa menang cerita jahat intern orang pakai selidik habis melulu putus sesal,3
salah budaya jahat orang indonesia urus hidup pribadi orang netizen perang komentar bela selebgram kait hidup biar keluarga,3
jahat masuk akal rela begadang libur saing rekan kasihan efektif sesuai lihat malas,3
level staff pergi toilet kena lepas tender mental jahat,1
september kemarin jahat kantor kantor senang banget banget banget menang,3
negatif marah malas pergi teruk kaki bawang kipas susah gaji,0
jahat kepala jahat alam,3
contoh jahat patut wujud tengok jepun ajar berdikari bina jati,3
lingkung jahat tinggal tahan alas enak sehat hidup bego,3
dunia utuh berangkat pagi kantin kantor coba survey kota pusat kabupaten bekas,0
nama jahat orang capek sedih kesal kali tuju berat banget gila kuat banget tepar,3
tanda verbal normal manager amik janji mungkir orang ambil kredit ramai orang tipu staff senyum pilih kasih,0
salah juang tahan hidup singkat cerita masuk jahat bilang tolong,3
sindir sindir jahat jahat kaca banget enak suruh biar proses banget jahat jahat jahat,3
orang letih sedih stres jahat cari marah cakap,1
capek banget anjing pasang topeng jahat,3
tahan tahan jahat,3
sedih jahat sedih sangka manusia rupa perangai jangka dahsyat sakit orang balas akhirat,3
berat banget berangkat kayak malas malas orang lingkung jahat banget,3
pergi jahat sumpah sedih orang sanggup mudah suami bakar semangat bahagia lepas bodoh,3
habis rekan jahat,3
suami start jahat jahat,3
cewek sender habis kontrak lega lingkung jahat sender biar sisi pikir sender pusing sender tulang punggung keluarga,3
jahat cuti cuti adek kena orang,3
jahat henti payah,3
wujud jahat langsung jahat takut kandang buaya masuk kandang harimau,3
stres perangai jahat salah punca henti mental ganggu,1
baca gambar lepas habis intern masuk start nyepi tahan jahat,3
seru jahat gaji lumayan orang jahat lawan tantang langsung kicep,3
ajar banget hidup betapa orang kadang sadar jahat jarak umur paut temu lingkung kayak keluarga,3
orang tukar stres jahat patut seronok tahi tuduh,1
terima kasih sedia wawas orang alami jahat paham alam golong paksa perhati milik,3
tips hadap orang jahat jahat perangai karut cakap faktor usia,3
kuliah farmasi jahat,3
sender pengin banget sembuh sender tolak pikir pasang inti jahat pasang pasang,3
semenjak ketemu orang tulus hidup sosial lingkup personal profesional asia jahat banget komen respon bentuk bumbu,3
rasai nama zona nyaman jahat jahat teman jahat kayak rasai,3
jahat gaji lampau sikit bonus kerah tenaga langsung bayar kena tahan maki rumah,0
jahat gaul jahat pandai gaul suka cerita buruk orang lepas pilih kasih long,3
omong jahat teman jahat lingkung jahat mending kaca omong jahat orang semangat pagi,3
lingkung pengaruh harap cari alam gaji lingkung jahat omong lingkung cibir,3
arti usaha bilang jahat staff pakai jalur rekan lihat situ coba bokap bokap tegur suka,0
gampang anak kakak anggur adik lulus orang pensiun jahat,3
buram maksud lingkung jahat kayak kayak marah normal,3
umur jahat,3
definisi stres toksik laku usia tekan henti sokong patut jaga intervensi lang alam dewasa,1
jahat plus kapai,3
pengin coba takut salah ambil putus kuat jahat banget usaha keluarga milik keluarga milik rasai susah keluarga notabene jilat,3
dunia orang kali kali beda bela lingkung jahat rekan jahat kayak,3
orang stres rana tugas galas rana perangai setan orang orang henti stres orang keliling jahat,1
jahat diam orang bikin bikin cermin biar kalah sakit egois kayak cermin,3
jahat mudah percaya anggap orang,3
orang bahagia orang suka geng orang puak orang layan orang tegur tegur orang diam diam gaji bahagia jahat orang drama,3
video orang bilang lingkung jahat balas video beliau jahat kasihan mbak pepatah pandu,3
nyata lingkung jahat alas beliau cocok usaha fokus studi kontrak wajar hitung,3
jahat pilih diam tahan jahat kejam takut jahat gali rahasia hidup senjata,3
tanda budaya jahat kelompok start kelompok mesti gosip jalan pokok goyang angin,3
jahat,3
selesai cerdas komunikasi wajar emosi sayang dewa orang pintar jahat,3
semangat coba cuek balas prestasi ambil hati lingkung jahat karir,3
pengin cari aman nyaman harga nyata jahat,3
jahat diam malas gaduh over over,3
episode jahat,3
kantor jahat rupa rejeki terkadang kantor jahat kembang cocok pulang ambil gaji,2
takut jahat orang inkompeten usaha bedak julid tinggal cabut sampah inkompeten tukang julid,3
sadar kantor jahat suka bilang keluarga,3
sikap toleh bagus lepas jahat tinggal jahat bagus amal sikap lepas toilet orang bayar hasil,3
perangai orang jahat selesa,3
jahat jenis cepat risau over fikir orang talk,3
orang perihal teman kantor jahat tinggal nyata gampang ketemu sindir stres banget anjir stres,1
jahat izin jahat masuk hidup,3
over late gaji kota panggar,0
salah ciri pasang jahat laku keras fisik verbal surup hajar ampun maaf menang kayak budak tuan pasang luluh maaf siklus ulang,3
dunia dokter jahat normalisasi suka dengar cerita dokter residen suruh butuh salah guru,3
drop alas jahat jahat drop etis versi terima kasih,3
nyata jahat tahan dapur segala-galanya kondisi untung minimal uang,3
jahat jahat,3
bilik lipas kena marah jahat,3
jahat,3
jahat,3
cewek sedih jahat minggu bilang beban rekan sindir salah rekan senior ajar,3
cerita kali masuk manager sayang kompetensi jahat,3
cakap orang jahat masuk cakap orang dengki masuk cakap problem cakap problem problem,3
were jahat tekan takut hilang bebas harga pribadi positif,3
nama jahat busuk buang paksa genggam harap busuk manfaat kedok hikmah racun racun buang rugi,3
jahat vendor vendor banget,3
punca timpal gaji kena tanggungjawab silap staff alam percaya bagus pangkat drama,0
jahat orang personal,3
jahat,3
jahat,3
habis tolak alas nasib omset cabang pegang sender capek banget cabang penuh orang jahat gaji pokok sender omset,0
jahat,3
jahat lingkung jahat,3
bahaya banget jahat anggap pasang laki anak laki jahat kasar pasang laki bela anak salah pasang,3
jahat capek banget,3
jahat banget anjing,3
kantor lihat jahat,3
sehat paham batas komunikasi niat jahat protes kekang serang refleksi hormat butuh,3
nasihat jenis jahat orang puji kosong asyik kritik orang salah mata salah orang,3
jenis jahat tarikh gaji bayar sebar ambil elak rapat golong,0
dunia lari jahat kawan gila kawan kawan gaji sikit,0
bahaya hubung jahat sadar rendah arti percaya asli harga hubung jahat,3
orang jahat kayak lihat tenang salah cari celah langkah laku salah mata gerak alas,3
tanda tanda jahat tukar tukar cakap susah mintak cuti kena perli teruk buli orang kredit orang jahat,3
stop jahat positif sehat layak harga,3
jahat mahasiswa pola pikir kayak bocah mahasiswa malas kontribusi kelompok suka cari musuh balas sengak,3
usaha jahat keluarga,3
tanda lingkung jahat stres berangkat takut interaksi rekan remeh harga sehat mental fisik ganggu kucil,1
alas teman jahat bilang ketemu teman cocok arti langsung,3
jahat stop bawang start negatif stop dengar orang bawang takut bawang stop cari salah orang bantu stop orang,3
atur buah usaha debat korea selatan usaha korea bikin atur kantor pagi sore karyawan smoking menit,0
sumpah kayak lihat jahat bikin stres harap,1
jenis jahat tarikh gaji bayar sebar ambil elak rapat golong,0
normalisasi lembur bayar karyawan suka drama nyinyir jahat mampus kantor,3
salah bahaya hubung jahat sadar rendah rendah arti minder mudah harga hubung jahat,3
tongkrong jahat tinggal entar jahat contoh orang teman ketemu omong bisnis omong mantan sambung,3
sempurna kadang stres kadang kadang jenis kuat royan pasal,1
lingkung jahat gaji lingkung jahat teman,3
kena tengok cakap duduk orang over orang kadang jahat asah adab ajar,3
sifat pasang potensi jahat malas usaha konsisten kontrol emosi orang luka uang bijak,3
jahat suka jaga tepi kain staff layan suruh orang personal,3
senang kali skala usaha arti ketemu orang jahat jilat tukang cuman beda muka lingkung positif relatif pilih gaji,3
orang dikit jahat kapai were dengar tantang bangga hasil selesai bikin tipes,3
pikir jahat bikin fokus turun produktivitas sepele salah,3
jahat cari validasi teman keluarga bawa arus sesuai desk pulang pulang kepo urus orang terap prinsip pulang ambil,3
teman jahat jatuh kuliah,3
pilih rasai lingkung jahat capek,3
tanda bikin putus ajar pimpin alami mental jahat,1
negatif marah malas pergi teruk kaki bawang kipas gaji kaki bawang ubah perangai orang,0
lingkung jahat habis tiktok,3
fokus lingkung jahat drama alam pahit ajar lingkung dukung tantang tahan mental,3
makan siang cerita jahat alamin cerita seru kasih,3
bilang kantor jahat,3
paham banget orang tahan jahat cari susah kudu pakai november juli stres,1
pengin ijazah jahat tahan lulus kuliah pura capek maaf curhat dikit orang cuman senyum,3
keluarga beranta cinta gagal jahat indah capek butuh istirahat butuh rumah butuh singgah,3
kantor jahat,3
istirahat jahat parah istirahat,3
pilih gaji juta kantor nyaman jenjang karir gaji juta kantor jahat jenjang karir gaji juta negeri libur,0
allah rencana nyata putus orang allah balas kasih orang sayang banget ketemu orang jahat alhamdulillah banget,3
pilih lingkung jahat gaji keluarga lingkung jahat gaji sepi teman,3
teman jahat jatuh kuliah,3
niat motor beli motor mudah anak sekolah niat harap allah jahat person jahat jujur allah penat,3
lingkung jahat orang cewek sakit jiwa,3
orang jahat egois suka cemburu sikap kasar nilai buruk suka manipulasi manfaat orang suka salah salah orang,3
masuk lingkung jahat banding,3
lingkung olah nikel rokok sedia langgar fatal langsung pecat bawa atur kejam urus pilih mati selamat,0
heran banget lingkung panas jahat kadang atur senior tahi anjing kesel banget orang kayak cari duit lagak gaji songong,3
salah jahat rapat sesuai arah,3
kebelet pengin nyata tekan batin jahat banding stres rumah kondisi,1
habis lebaran manusia nyaman jahat positif zona admin gudang coba,3
mami licia pulang jahat ikhlas hati ikhlas bulat,3
orang betah jahat lembur gaji ikhlas anjir kayak gaji bikin kayak ikhlas pulang malam nama,0
jahat harap anak kena teruk,3
jahat betah teman banget bikin betah baca nabi yunus,3
kayak jahat,3
pengin keluh orang jahat habis,3
coba lingkung jahat allah amin,3
rindu duduk allah situ jahat,3
jahat,3
lingkung jahat omong orang cari salah orang goreng informasi asumsi jelek orang goreng informasi sesuai fakta,3
allah capek banget jahat manipulatif,3
tetangga jahat singgung orang gosip kena fitnah jelek hati lihat orang sukses kayak fitnah miskin hina,3
jahat jahat jujur hidup dasar ragu tinggal bawa pengaruh,3
sorok bodoh bagus putus amal jahat,3
orang jahat egois suka cemburu sikap kasar nilai buruk suka manipulasi manfaat orang suka salah salah orang,3
anak jaman ajar beda jahat lihat wajar asumsi justifikasi performa bikin salah kantor,3
kesi jahat lantak orang sorang sorang person,3
gilir sakit paksa apresiasi bilang maaf himpun jahat mending bubar,3
jahat japri marah grup kantor orang wenang diam,3
jahat menat plus mulut cika suka orang suka ampu habis nama buruk orang,3
pilih kantor lingkung jahat biar adil jahat rugi kesel cari muka maksud orang,3
kasih gaji ganti orang jahat yayasan utang tinggal suami,0
negatif marah malas pergi teruk kaki bawang kipas gaji kaki bawang ubah perangai orang,0
pegawai bagus alias jahat terima besok ajar kayak timbang,3
cerita manila rapat minggu zoom manila kantor muak banget rapat cabut listrik kantor biar rapat putus maaf mati lampu,0
jahat potensi langgar ketenagakerjaan orang jaman demo mati biar buruh zaman,3
ayah negeri bikin stres mental kena banget lingkung jahat orang rumah mental,1
stres jahat tahan orang orang reng,1
lingkung rekan jahat dukung kembang ambil keluarga harap perfek lumayan,2
tinggal jahat gaji bayar,0
banget aura atmosfer jahat kangen bareng kadang bilang capek bingung bilang,3
moga jebak jahat,3
sadar penuh pribadi zona jahat orang mending mending sehat lepas tahap alhamdulillah allah,3
bikin tekan capek fisik capek mental capek banget jahat ganti karir nyonya nyonya nyonya,3
tegur sentap jahat cari nafas keluh sedih bengang stres rungut ketul,1
sakit jahat sakit tahan menang rumah muak banget menang mati kali,3
jahat hilang masuk manajer kasih saran biar obrol pegawai sapa saran bilang peduli kemarin teman teman,3
magang jahat maksud alam bidang stres kena mental stres depresi,1
lelaki jahat sepah liar lelaki rumah tangga jahat bincang laki bini bawa masuk,3
cari jahat gaji jahat tahan,3
senin ketemu jahat drama lingkung gaji sesuai masuk akal amin,3
nyata lingkung jahat banget,3
kalah jahat pelit pelit jahat korupsi senior bocah,3
cari sistem lingkung lumayan jahat gaji telat,3
teman kayak cepat takut jahat ling nyaman,3
sedih menang pisah jahat parah nyaman bismillah panggil slot kosong,3
allah tolong orang orang jahat,3
saran mending jahat kuat,3
jahat gaji adem ayem gaji,0
susah jahat pengin renti butuh duit,3
allah moga lingkung nyaman jahat amin tolong mudah allah,3
kucil keluarga jahat tipu rekan putus juang fokus resin,3
bantu jahat banget banget salah salah sepenuh dinamika partner bikin enek perut banget gara sayang uang,3
gara-gara jahat cari muka teman kayak kayak,3
hati badminton kasihan jahat laku suka enak nyaman bikin suka biar jebak main,3
sadar lingkung jahat jalan,3
kawan orang limit orang jahat kawan langsung kawan,3
cewek jahat katai rekan balas loker wajar abai orang kayak,3
bingung banget pilih jahat,3
guru sertifikasi ajar rebut akibat suasana jahat,3
jahat banget,3
semenjak jahat gampang sakit,3
staff jahat stres,1
umur lulus cari jahat umur lulus lihat cari gaji jakarta,0
kultur rumah sakit seringkali lebar relasi dokter awat bidan apoteker runyam dokter dokter apoteker resep obat cocok,0
jemput teman jahat minus pagi malam lingkung palugada sesuai porsi,3
jahat,3
sabar jahat,3
aduh kocak banget ketawa kantor seru maaf trauma jahat habis,3
jahat bang pandai,3
kali lingkung jahat surat,3
bilang jahat omong doang gampang orang rasai moga rasai lingkung jahat kontrak besok makan,3
bodo anjir bolos dasar jahat sono mending,3
kasihan kantor jahat term tenaga kantor salah jaga kantor nilai kantor jujur,3
kuna jahat kuna,3
cina jahat orang takut jahat rana takut jahat orang muda,3
paksa masuk pagi pulang malam buta hukum telat balas pesan menit paksa lepas alat kena sakit paksa tidur kaki tangan hilang,0
jahat kwanza jahat bana,3
